train_start,train_end,test_start,test_end,qld_ret,-16/-16_ret,-16/-16_cagr,-16/-16_beat,-16/-15_ret,-16/-15_cagr,-16/-15_beat,-16/-11_ret,-16/-11_cagr,-16/-11_beat
1972-01-01,1976-12-31,1977-01-01,1977-12-31,9.058757695922193,9.058757695922171,9.170152846067325,False,9.058757695922104,9.170152846067259,False,9.058757695922104,9.170152846067259,False
1973-01-01,1977-12-31,1978-01-01,1978-12-31,21.765978080926374,18.38781662820017,18.623311540362675,False,20.92524188308589,21.1960386326409,False,20.925241883085665,21.19603863264068,False
1974-01-01,1978-12-31,1979-01-01,1979-12-31,59.68864806757597,56.22816857300494,56.46770912365226,False,52.296768088413124,52.51693149599137,False,41.30783824109532,41.47572667552546,False
1975-01-01,1979-12-31,1980-01-01,1980-12-31,68.02099295422283,56.62767702388021,56.67582075387958,False,51.191399180535946,51.23421274478106,False,43.960278393404195,43.99621055367635,False
1976-01-01,1980-12-31,1981-01-01,1981-12-31,-6.016854632059621,-11.155674115583558,-11.191755064013497,False,-15.224322853332062,-15.2723919087284,False,-20.915189722831972,-20.978890703391194,False
1977-01-01,1981-12-31,1982-01-01,1982-12-31,39.1572394079319,34.63153653923949,34.769091591544445,False,33.86529447271145,33.99944016542311,False,44.07502089970778,44.255803885511845,True
1978-01-01,1982-12-31,1983-01-01,1983-12-31,46.582135642992164,42.58755893267732,43.18437050052781,False,38.57156636165531,39.10477393177847,False,44.63314846461917,45.262879921622144,False
1979-01-01,1983-12-31,1984-01-01,1984-12-31,-19.923542641890524,-6.061395344399834,-6.081564416452667,True,-9.816015364542253,-9.848007142681325,True,-8.035659333763256,-8.062110841822157,True
1980-01-01,1984-12-31,1985-01-01,1985-12-31,76.33559089765683,76.33559089765684,76.67940385138519,True,76.33559089765663,76.67940385138496,False,76.33559089765663,76.67940385138496,False
1981-01-01,1985-12-31,1986-01-01,1986-12-31,9.823116829784762,3.3389079024603197,3.359947477035141,False,-1.2116003564010325,-1.2190643140146618,False,-6.027445937940589,-6.063649902150569,False
1982-01-01,1986-12-31,1987-01-01,1987-12-31,2.195634958366921,9.353974412642675,9.41460126707776,True,9.353974412642607,9.414601267077693,True,9.353974412642675,9.41460126707776,True
1983-01-01,1987-12-31,1988-01-01,1988-12-31,13.063472323823522,-18.37877524785927,-18.573685529033877,False,-5.719334295869571,-5.784681230001021,False,-10.69689175234596,-10.815756163290779,False
1984-01-01,1988-12-31,1989-01-01,1989-12-31,56.12579442994714,56.12579442994736,57.143407705480584,True,56.12579442994725,57.14340770548048,True,56.12579442994716,57.143407705480385,True
1985-01-01,1989-12-31,1990-01-01,1990-12-31,-28.419853075471867,-33.36951659427001,-33.5369866247547,False,-27.459070092381076,-27.603267701264013,True,-33.50362937705855,-33.671590674528254,False
1986-01-01,1990-12-31,1991-01-01,1991-12-31,154.01192347489933,132.6884901407272,133.9097365154527,False,132.68849014072694,133.9097365154524,False,111.37965096756321,112.3625985294773,False
1987-01-01,1991-12-31,1992-01-01,1992-12-31,8.634287903769899,-9.363176100810344,-9.39377008071406,False,-14.314049490806124,-14.359493747637043,False,-22.467595395971884,-22.5353199128825,False
1988-01-01,1992-12-31,1993-01-01,1993-12-31,17.370978619152154,17.370978619151998,17.592508225087023,False,17.370978619152112,17.592508225087133,False,17.370978619151956,17.592508225086977,False
1989-01-01,1993-12-31,1994-01-01,1994-12-31,-1.6495040752994683,-1.6495040752993462,-1.6687605096099012,True,-1.6495040752993795,-1.6687605096099345,True,-1.6495040752994794,-1.6687605096100344,False
1990-01-01,1994-12-31,1995-01-01,1995-12-31,93.07286225473557,93.07286225473548,94.9341833289965,False,93.07286225473561,94.93418332899664,True,93.07286225473554,94.93418332899657,False
1991-01-01,1995-12-31,1996-01-01,1996-12-31,80.59506113586265,80.59506113586268,80.96201108553494,True,80.59506113586268,80.96201108553494,True,80.59506113586221,80.96201108553447,False
1992-01-01,1996-12-31,1997-01-01,1997-12-31,32.66667607839191,24.88327496377549,25.055399011388467,False,24.883274963775293,25.055399011388246,False,22.03063806305088,22.181329410990557,False
1993-01-01,1997-12-31,1998-01-01,1998-12-31,188.62944733470815,99.72424767322335,100.5824669023092,False,83.73687664973653,84.4309953397844,False,84.30946490062293,85.00931479496188,False
1994-01-01,1998-12-31,1999-01-01,1999-12-31,233.41478606142948,233.4147860614299,238.17529664008498,True,233.41478606142965,238.17529664008467,True,233.41478606142928,238.1752966400843,False
1995-01-01,1999-12-31,2000-01-01,2000-12-31,-73.64011804592909,-24.871625288248943,-25.124135052153875,True,-24.510126527445188,-24.759599428393287,True,-1.8266617492257997,-1.847966838758175,True
1996-01-01,2000-12-31,2001-01-01,2001-12-31,-61.372948285585395,1.9795785278993394,1.9919700502570858,True,1.9795785278992506,1.991970050256997,True,1.979578527899073,1.9919700502568194,True
1997-01-01,2001-12-31,2002-01-01,2002-12-31,-69.91934907412794,2.011956851580643,2.02455305675604,True,2.011956851580554,2.024553056755951,True,2.0119568515805097,2.0245530567559067,True
1998-01-01,2002-12-31,2003-01-01,2003-12-31,88.10884812651776,61.45792358415989,61.93808049152065,False,58.316724124607774,58.7682037103989,False,61.3700831829421,61.849432928285665,False
1999-01-01,2003-12-31,2004-01-01,2004-12-31,15.388919990605586,15.388919990605743,15.445652876839478,True,15.388919990605698,15.445652876839432,True,15.388919990605764,15.4456528768395,True
2000-01-01,2004-12-31,2005-01-01,2005-12-31,0.18931366085015444,0.18931366085019885,0.1915445559678597,True,0.18931366085004342,0.19154455596770426,False,0.18931366085008783,0.19154455596774866,False
2001-01-01,2005-12-31,2006-01-01,2006-12-31,2.094669106209568,-2.7904334287796706,-2.8305458483897983,False,-3.7928135089304704,-3.8470476236704965,False,-10.455632774054436,-10.59973009701869,False
2002-01-01,2006-12-31,2007-01-01,2007-12-31,28.489970643722895,28.48997064372305,28.779474038098797,True,28.489970643723094,28.77947403809884,True,28.489970643723005,28.77947403809875,True
2003-01-01,2007-12-31,2008-01-01,2008-12-31,-72.00857026254927,-25.243989893161057,-25.31864200521998,True,-27.290418877614652,-27.369950647081488,True,-28.517097469710308,-28.59945953261106,True
2004-01-01,2008-12-31,2009-01-01,2009-12-31,103.277864865951,33.07452068904535,33.310419152072534,False,29.856788185082994,30.06724768673641,False,36.91686198717912,37.183773378713084,False
2005-01-01,2009-12-31,2010-01-01,2010-12-31,33.35915490697261,33.35915490697256,33.81189164647842,False,33.35915490697268,33.81189164647853,True,33.359154906972655,33.81189164647851,True
2006-01-01,2010-12-31,2011-01-01,2011-12-31,-2.9332544489249934,-3.7447103798436077,-3.7879506441704014,False,-10.97255961777467,-11.094293119855791,False,-13.667135003809005,-13.816373514049063,False
2007-01-01,2011-12-31,2012-01-01,2012-12-31,30.001934460478786,30.001934460478918,30.213530833014236,True,30.001934460479053,30.213530833014367,True,30.001934460478918,30.213530833014236,True
2008-01-01,2012-12-31,2013-01-01,2013-12-31,71.07403825188523,71.07403825188561,71.64433056097705,True,71.07403825188531,71.64433056097677,True,71.07403825188554,71.64433056097698,True
2009-01-01,2013-12-31,2014-01-01,2014-12-31,39.739139092628896,39.73913909262905,40.0292604429402,True,39.73913909262905,40.0292604429402,True,39.739139092629,40.02926044294015,True
2010-01-01,2014-12-31,2015-01-01,2015-12-31,15.21285983448215,15.212859834481973,15.314032927622524,False,15.212859834482128,15.314032927622678,False,15.212859834482106,15.314032927622655,False
2011-01-01,2015-12-31,2016-01-01,2016-12-31,15.005486624732134,13.1889535020135,13.35416228722286,False,10.839729748637406,10.97410503168852,False,4.201468379711004,4.251968721104782,False
2012-01-01,2016-12-31,2017-01-01,2017-12-31,67.42905251341773,67.42905251341773,68.69220656015924,False,67.42905251341776,68.69220656015926,True,67.42905251341786,68.69220656015938,True
2013-01-01,2017-12-31,2018-01-01,2018-12-31,-11.382539262998204,-10.265012430030762,-10.325234856107224,True,-10.265012430030684,-10.325234856107146,True,-10.265012430030785,-10.325234856107246,True
2014-01-01,2018-12-31,2019-01-01,2019-12-31,80.35158758771146,78.55027352062716,79.19299114833112,False,76.19145555644134,76.8111068295529,False,66.46204867478704,66.98867698688808,False
2015-01-01,2019-12-31,2020-01-01,2020-12-31,82.89068908941795,75.30554802081748,75.64381890819001,False,70.8708592789641,71.1855098646333,False,69.35941381989979,69.66610433450367,False
2016-01-01,2020-12-31,2021-01-01,2021-12-31,59.14825645334014,59.14825645334001,60.02125386120856,False,59.14825645334001,60.02125386120856,False,59.14825645333974,60.021253861208294,False
2017-01-01,2021-12-31,2022-01-01,2022-12-31,-61.32571301742311,-37.79601065080722,-38.1427098134005,True,-40.551634332899255,-40.91450175914117,True,-37.51517079031997,-37.860139880616664,True
2018-01-01,2022-12-31,2023-01-01,2023-12-31,120.1974285398319,45.85875941871627,46.66388940009576,False,53.07311692004324,54.02647208368321,False,52.310903504972785,53.24835498271605,False
2019-01-01,2023-12-31,2024-01-01,2024-12-31,47.79498654178666,47.7949865417866,47.993392205233285,False,47.79498654178629,47.99339220523298,False,47.79498654178642,47.99339220523311,False
2020-01-01,2024-12-31,2025-01-01,2025-12-31,30.896232991948413,14.232814242080917,14.327072813532293,False,8.127290697112088,8.179672934282456,False,13.257599519857033,13.345029748461723,False
