Date,Open,Close,AdjClose
2022-02-22,9595.0,9555.0,9452.3017578125
2022-02-23,9985.0,9925.0,9818.32421875
2022-02-24,9300.0,8935.0,8838.96484375
2022-02-25,9740.0,9920.0,9813.3779296875
2022-02-28,9895.0,9920.0,9813.3779296875
2022-03-02,10195.0,10245.0,10134.884765625
2022-03-03,10440.0,10500.0,10387.14453125
2022-03-04,10290.0,10270.0,10159.6162109375
2022-03-07,9830.0,9955.0,9848.001953125
2022-03-08,9650.0,9455.0,9353.3759765625
2022-03-10,10110.0,10135.0,10026.0673828125
2022-03-11,10020.0,10075.0,9966.712890625
2022-03-14,10050.0,9920.0,9813.3779296875
2022-03-15,9530.0,9485.0,9383.0537109375
2022-03-16,10010.0,10055.0,9946.927734375
2022-03-17,10510.0,10310.0,10199.1865234375
2022-03-18,10375.0,10295.0,10184.34765625
2022-03-21,10865.0,10855.0,10738.3291015625
2022-03-22,10905.0,10905.0,10787.791015625
2022-03-23,11290.0,11305.0,11183.4921875
2022-03-24,11145.0,11200.0,11079.62109375
2022-03-25,11565.0,11605.0,11480.267578125
2022-03-28,11575.0,11590.0,11465.4287109375
2022-03-29,11960.0,11950.0,11821.5595703125
2022-03-30,12145.0,12110.0,11979.83984375
2022-03-31,11995.0,12005.0,11875.96875
2022-04-01,11705.0,11750.0,11623.708984375
2022-04-04,11680.0,11640.0,11514.8916015625
2022-04-05,12025.0,11990.0,11861.1298828125
2022-04-06,11605.0,11605.0,11480.267578125
2022-04-07,11055.0,11130.0,11010.373046875
2022-04-08,11255.0,11355.0,11232.955078125
2022-04-11,11020.0,10980.0,10861.9853515625
2022-04-12,10630.0,10580.0,10466.2841796875
2022-04-13,10560.0,10600.0,10486.0693359375
2022-04-14,10750.0,10855.0,10738.3291015625
2022-04-15,10440.0,10420.0,10308.00390625
2022-04-18,10155.0,10260.0,10149.7236328125
2022-04-19,10565.0,10620.0,10505.8544921875
2022-04-20,10850.0,10730.0,10614.6728515625
2022-04-21,10730.0,10780.0,10664.134765625
2022-04-22,10380.0,10230.0,10120.046875
2022-04-25,9720.0,9725.0,9620.474609375
2022-04-26,10110.0,10140.0,10031.013671875
2022-04-27,9575.0,9735.0,9630.3671875
2022-04-28,9810.0,10020.0,9912.3037109375
2022-04-29,10035.0,9995.0,9887.572265625
2022-05-03,9635.0,9730.0,9625.4208984375
2022-05-04,9685.0,9735.0,9630.3671875
2022-05-06,9455.0,9435.0,9333.5908203125
2022-05-10,8600.0,8780.0,8685.630859375
2022-05-11,8750.0,8860.0,8764.771484375
2022-05-12,8340.0,8330.0,8240.4677734375
2022-05-13,8425.0,8480.0,8388.85546875
2022-05-16,8880.0,8700.0,8606.4912109375
2022-05-17,8715.0,8690.0,8596.5986328125
2022-05-18,8865.0,8815.0,8720.2548828125
2022-05-19,7980.0,8090.0,8003.04736328125
2022-05-20,8015.0,8080.0,7993.15478515625
2022-05-23,8085.0,8080.0,7993.15478515625
2022-05-24,7850.0,7805.0,7721.11083984375
2022-05-25,7815.0,7820.0,7735.94970703125
2022-05-26,7895.0,7885.0,7800.2509765625
2022-05-27,8335.0,8245.0,8156.38134765625
2022-05-30,8825.0,8835.0,8740.0400390625
2022-05-31,8755.0,8635.0,8542.189453125
2022-06-02,8425.0,8610.0,8517.4580078125
2022-06-03,8945.0,8935.0,8838.96484375
2022-06-07,8705.0,8630.0,8537.2431640625
2022-06-08,8750.0,8790.0,8695.5234375
2022-06-09,8780.0,8710.0,8616.3837890625
2022-06-10,8440.0,8525.0,8433.3720703125
2022-06-13,7765.0,7660.0,7577.6689453125
2022-06-14,7450.0,7570.0,7488.63671875
2022-06-15,7500.0,7490.0,7409.49658203125
2022-06-16,7750.0,7610.0,7528.20654296875
2022-06-17,7170.0,7200.0,7122.61328125
2022-06-20,7450.0,7410.0,7330.3564453125
2022-06-21,7490.0,7550.0,7468.8515625
2022-06-22,7695.0,7550.0,7468.8515625
2022-06-23,7665.0,7755.0,7671.64794921875
2022-06-24,7935.0,8120.0,8032.72509765625
2022-06-27,8355.0,8365.0,8275.091796875
2022-06-28,8295.0,8305.0,8215.736328125
2022-06-29,7835.0,7910.0,7824.98193359375
2022-06-30,7895.0,7725.0,7641.970703125
2022-07-01,7625.0,7570.0,7488.63671875
2022-07-04,7745.0,7735.0,7651.86328125
2022-07-05,7880.0,7925.0,7839.82080078125
2022-07-06,8160.0,8085.0,7998.10107421875
2022-07-07,8270.0,8235.0,8146.48876953125
2022-07-08,8485.0,8465.0,8374.0166015625
2022-07-11,8475.0,8415.0,8324.5546875
2022-07-12,8365.0,8245.0,8156.38134765625
2022-07-13,8140.0,8155.0,8067.3486328125
2022-07-14,7970.0,8085.0,7998.10107421875
2022-07-15,8415.0,8410.0,8319.6083984375
2022-07-18,8665.0,8725.0,8631.22265625
2022-07-19,8485.0,8425.0,8334.447265625
2022-07-20,8845.0,8965.0,8868.642578125
2022-07-21,9115.0,9100.0,9002.19140625
2022-07-22,9205.0,9295.0,9195.095703125
2022-07-25,9070.0,9090.0,8992.2998046875
2022-07-26,8910.0,8870.0,8774.6640625
2022-07-27,8860.0,8910.0,8814.234375
2022-07-28,9245.0,9105.0,9007.1376953125
2022-07-29,9480.0,9645.0,9541.333984375
2022-08-01,9725.0,9695.0,9590.796875
2022-08-02,9810.0,9710.0,9605.6357421875
2022-08-03,9820.0,9850.0,9744.130859375
2022-08-04,10225.0,10285.0,10174.455078125
2022-08-05,10325.0,10290.0,10179.4013671875
2022-08-08,10090.0,10265.0,10154.669921875
2022-08-09,10125.0,10130.0,10021.12109375
2022-08-10,9945.0,9900.0,9793.59375
2022-08-11,10455.0,10490.0,10377.251953125
2022-08-12,10405.0,10330.0,10218.9716796875
2022-08-16,10990.0,10905.0,10787.791015625
2022-08-17,10905.0,10915.0,10797.68359375
2022-08-18,10670.0,10760.0,10644.349609375
2022-08-19,10975.0,10875.0,10758.1142578125
2022-08-22,10575.0,10620.0,10505.8544921875
2022-08-23,10305.0,10175.0,10065.6376953125
2022-08-24,10190.0,10185.0,10075.5302734375
2022-08-25,10255.0,10385.0,10273.380859375
2022-08-26,10495.0,10405.0,10293.1650390625
2022-08-29,9430.0,9645.0,9541.333984375
2022-08-30,9715.0,9730.0,9625.4208984375
2022-08-31,9490.0,9455.0,9353.3759765625
2022-09-01,9135.0,9195.0,9096.1708984375
2022-09-02,9420.0,9515.0,9412.7314453125
2022-09-05,9300.0,9395.0,9294.021484375
2022-09-06,9385.0,9510.0,9407.78515625
2022-09-07,9310.0,9395.0,9294.021484375
2022-09-08,9645.0,9835.0,9729.2919921875
2022-09-13,10420.0,10490.0,10377.251953125
2022-09-14,9575.0,9535.0,9432.5166015625
2022-09-15,9685.0,9720.0,9615.5283203125
2022-09-16,9305.0,9140.0,9041.76171875
2022-09-19,9140.0,9090.0,8992.2998046875
2022-09-20,9390.0,9370.0,9269.2900390625
2022-09-21,9175.0,9220.0,9120.90234375
2022-09-22,8830.0,9030.0,8932.9443359375
2022-09-23,8890.0,8840.0,8744.986328125
2022-09-26,8680.0,8690.0,8596.5986328125
2022-09-27,8920.0,8850.0,8754.87890625
2022-09-28,8735.0,8800.0,8705.416015625
2022-09-29,9045.0,9050.0,8952.7294921875
2022-09-30,8680.0,8675.0,8581.759765625
2022-10-04,8925.0,8860.0,8764.771484375
2022-10-05,9045.0,8885.0,8789.5029296875
2022-10-06,9150.0,8930.0,8834.0185546875
2022-10-07,8760.0,8750.0,8655.9541015625
2022-10-11,8235.0,8205.0,8116.8115234375
2022-10-12,7960.0,8095.0,8007.99365234375
2022-10-13,7965.0,7985.0,7899.17626953125
2022-10-14,8335.0,8450.0,8359.177734375
2022-10-17,8045.0,8045.0,7958.53125
2022-10-18,8490.0,8595.0,8502.6201171875
2022-10-19,8670.0,8570.0,8477.888671875
2022-10-20,8390.0,8365.0,8275.091796875
2022-10-21,8285.0,8360.0,8270.1455078125
2022-10-24,8865.0,8945.0,8848.857421875
2022-10-25,8995.0,9030.0,8932.9443359375
2022-10-26,9155.0,8905.0,8809.2880859375
2022-10-27,8790.0,8810.0,8715.30859375
2022-10-28,8495.0,8265.0,8176.16650390625
2022-10-31,8720.0,8940.0,8843.9111328125
2022-11-01,8920.0,8830.0,8735.09375
2022-11-02,8540.0,8585.0,8492.7275390625
2022-11-03,8040.0,8025.0,7938.74609375
2022-11-04,7715.0,7745.0,7661.75537109375
2022-11-07,7680.0,7630.0,7547.99169921875
2022-11-08,7750.0,7630.0,7547.99169921875
2022-11-09,7705.0,7535.0,7454.0126953125
2022-11-10,7270.0,7360.0,7280.8935546875
2022-11-11,8105.0,7835.0,7750.7880859375
2022-11-14,7850.0,7945.0,7859.60595703125
2022-11-15,7945.0,7965.0,7879.39111328125
2022-11-16,7930.0,8130.0,8042.61767578125
2022-11-17,8035.0,8170.0,8082.1875
2022-11-18,8135.0,8030.0,7943.6923828125
2022-11-21,8090.0,8175.0,8087.1337890625
2022-11-22,8130.0,8065.0,7978.31640625
2022-11-23,8200.0,8205.0,8116.8115234375
2022-11-24,8265.0,8125.0,8037.67138671875
2022-11-25,8135.0,8095.0,8007.99365234375
2022-11-28,8175.0,7970.0,7884.33740234375
2022-11-29,7915.0,7820.0,7735.94970703125
2022-11-30,7625.0,7530.0,7449.06640625
2022-12-01,8005.0,7995.0,7909.068359375
2022-12-02,7905.0,7945.0,7859.60595703125
2022-12-05,7970.0,7840.0,7755.734375
2022-12-06,7825.0,7855.0,7770.5732421875
2022-12-07,7650.0,7600.0,7518.31396484375
2022-12-08,7470.0,7475.0,7394.65771484375
2022-12-09,7620.0,7515.0,7434.2275390625
2022-12-12,7380.0,7410.0,7330.3564453125
2022-12-13,7550.0,7570.0,7488.63671875
2022-12-14,7600.0,7690.0,7607.3466796875
2022-12-15,7545.0,7610.0,7528.20654296875
2022-12-16,7380.0,7115.0,7038.52685546875
2022-12-19,7025.0,6965.0,6890.13916015625
2022-12-20,6785.0,6500.0,6430.13720703125
2022-12-21,6630.0,6620.0,6548.84716796875
2022-12-22,6730.0,6675.0,6603.25634765625
2022-12-23,6400.0,6365.0,6296.587890625
2022-12-26,6440.0,6340.0,6271.85693359375
2022-12-27,6375.0,6380.0,6311.4267578125
2022-12-28,6135.0,6065.0,5999.8125
2022-12-29,5970.0,5920.0,5856.37109375
2023-01-02,6060.0,6080.0,6014.6513671875
2023-01-03,6110.0,6260.0,6192.716796875
2023-01-04,6220.0,6175.0,6108.63037109375
2023-01-05,6190.0,6145.0,6078.95263671875
2023-01-06,6060.0,5995.0,5930.56494140625
2023-01-09,6180.0,6080.0,6014.6513671875
2023-01-10,6045.0,6085.0,6019.59765625
2023-01-11,6175.0,6235.0,6167.9853515625
2023-01-12,6400.0,6470.0,6400.45947265625
2023-01-13,6460.0,6445.0,6375.72802734375
2023-01-16,6510.0,6480.0,6410.35205078125
2023-01-17,6510.0,6460.0,6390.56689453125
2023-01-18,6490.0,6575.0,6504.3310546875
2023-01-19,6385.0,6315.0,6247.12548828125
2023-01-20,6225.0,6270.0,6202.60888671875
2023-01-25,6670.0,6675.0,6603.25634765625
2023-01-26,6775.0,6820.0,6746.69775390625
2023-01-27,6935.0,6930.0,6855.51513671875
2023-01-30,7090.0,7015.0,6939.6015625
2023-01-31,7015.0,6820.0,6746.69775390625
2023-02-01,7000.0,7020.0,6944.5478515625
2023-02-02,7385.0,7380.0,7300.6787109375
2023-02-03,7555.0,7625.0,7543.04541015625
2023-02-06,7760.0,7800.0,7716.16455078125
2023-02-07,7855.0,7820.0,7735.94970703125
2023-02-08,8045.0,8195.0,8106.9189453125
2023-02-09,7910.0,7975.0,7889.28369140625
2023-02-10,7765.0,7770.0,7686.48681640625
2023-02-13,7660.0,7795.0,7711.21826171875
2023-02-14,8020.0,7975.0,7889.28369140625
2023-02-15,8115.0,8165.0,8077.2412109375
2023-02-16,8445.0,8495.0,8403.6943359375
2023-02-17,8060.0,8180.0,8092.080078125
2023-02-20,8160.0,8150.0,8062.40283203125
2023-02-21,8130.0,8095.0,8007.99365234375
2023-02-22,7895.0,7880.0,7795.3046875
2023-02-23,7940.0,7910.0,7824.98193359375
2023-02-24,7870.0,7955.0,7869.49853515625
2023-02-27,7875.0,7980.0,7894.22998046875
2023-02-28,8005.0,8090.0,8003.04736328125
2023-03-02,7760.0,7745.0,7661.75537109375
2023-03-03,7850.0,7765.0,7681.54052734375
2023-03-06,8000.0,8080.0,7993.15478515625
2023-03-07,8085.0,8115.0,8027.77880859375
2023-03-08,8105.0,8125.0,8037.67138671875
2023-03-09,8205.0,8240.0,8151.43505859375
2023-03-10,7990.0,7905.0,7820.0361328125
2023-03-13,7900.0,7780.0,7696.37939453125
2023-03-14,7610.0,7730.0,7646.9169921875
2023-03-15,7990.0,8020.0,7933.7998046875
2023-03-16,8215.0,8215.0,8126.7041015625
2023-03-17,8470.0,8500.0,8408.640625
2023-03-20,8475.0,8430.0,8339.3935546875
2023-03-21,8500.0,8560.0,8467.99609375
2023-03-22,8690.0,8745.0,8651.0078125
2023-03-23,8460.0,8275.0,8186.05908203125
2023-03-24,8420.0,8515.0,8423.4794921875
2023-03-27,8640.0,8775.0,8680.6845703125
2023-03-28,8540.0,8560.0,8467.99609375
2023-03-29,8475.0,8600.0,8507.56640625
2023-03-30,8775.0,8755.0,8660.900390625
2023-03-31,8865.0,8950.0,8853.8037109375
2023-04-03,9200.0,9320.0,9219.8271484375
2023-04-04,9285.0,9385.0,9284.12890625
2023-04-05,9310.0,9255.0,9155.5263671875
2023-04-06,9115.0,9135.0,9036.8154296875
2023-04-07,9300.0,9290.0,9190.1494140625
2023-04-10,9275.0,9250.0,9150.580078125
2023-04-11,9360.0,9335.0,9234.666015625
2023-04-12,9285.0,9240.0,9140.6875
2023-04-13,9055.0,8935.0,8838.96484375
2023-04-14,9090.0,9155.0,9056.6005859375
2023-04-17,9120.0,9230.0,9130.794921875
2023-04-18,9270.0,9335.0,9234.666015625
2023-04-19,9315.0,9335.0,9234.666015625
2023-04-20,9395.0,9330.0,9229.7197265625
2023-04-21,9235.0,9335.0,9234.666015625
2023-04-24,9355.0,9325.0,9224.7734375
2023-04-25,9350.0,9280.0,9180.2568359375
2023-04-26,9345.0,9290.0,9190.1494140625
2023-04-27,9330.0,9330.0,9229.7197265625
2023-04-28,9630.0,9665.0,9561.119140625
2023-05-02,9790.0,9850.0,9744.130859375
2023-05-03,9655.0,9640.0,9536.3876953125
2023-05-04,9455.0,9355.0,9254.451171875
2023-05-08,9460.0,9545.0,9442.4091796875
2023-05-09,9585.0,9615.0,9511.65625
2023-05-10,9615.0,9565.0,9462.1943359375
2023-05-11,9640.0,9795.0,9689.7216796875
2023-05-12,9905.0,10000.0,9892.5185546875
2023-05-15,9950.0,9950.0,9843.0556640625
2023-05-16,9995.0,10020.0,9912.3037109375
2023-05-17,10130.0,10095.0,9986.4970703125
2023-05-19,10700.0,10540.0,10426.71484375
2023-05-22,10430.0,10325.0,10214.025390625
2023-05-23,10350.0,10305.0,10194.240234375
2023-05-25,10250.0,10400.0,10288.2197265625
2023-05-26,10615.0,10595.0,10481.123046875
2023-05-30,11135.0,11240.0,11119.1904296875
2023-05-31,11210.0,11150.0,11030.158203125
2023-06-01,11030.0,11035.0,10916.39453125
2023-06-02,11135.0,11060.0,10941.125
2023-06-05,11090.0,11120.0,11000.48046875
2023-06-07,11090.0,11120.0,11000.48046875
2023-06-08,10820.0,10635.0,10520.693359375
2023-06-09,10980.0,10790.0,10674.02734375
2023-06-12,10835.0,10840.0,10723.490234375
2023-06-13,11085.0,10960.0,10842.2001953125
2023-06-14,11000.0,11100.0,10980.6953125
2023-06-15,11105.0,11245.0,11124.13671875
2023-06-16,11700.0,11440.0,11317.041015625
2023-06-19,11365.0,11455.0,11331.8798828125
2023-06-20,11460.0,11390.0,11267.578125
2023-06-21,11540.0,11600.0,11475.3212890625
2023-06-22,11470.0,11290.0,11168.6533203125
2023-06-23,11715.0,11720.0,11594.03125
2023-06-26,11710.0,11655.0,11529.73046875
2023-06-27,11355.0,11310.0,11188.4384765625
2023-06-28,11500.0,11635.0,11509.9453125
2023-06-29,11850.0,11970.0,11841.3447265625
2023-06-30,11975.0,12010.0,11880.9150390625
2023-07-07,11905.0,11865.0,11737.4736328125
2023-07-10,11725.0,11700.0,11574.2470703125
2023-07-14,11900.0,11835.0,11707.7958984375
2023-07-17,11800.0,11775.0,11648.4404296875
2023-07-19,12135.0,12205.0,12073.8193359375
2023-07-20,12060.0,12140.0,12009.517578125
2023-07-21,12090.0,12005.0,11875.96875
2023-07-24,12140.0,11880.0,11752.3115234375
2023-07-26,12035.0,11940.0,11811.6669921875
2023-07-28,11980.0,11960.0,11831.4521484375
2023-08-03,12205.0,12175.0,12044.1416015625
2023-08-04,12170.0,12490.0,12355.755859375
2023-08-07,12245.0,12260.0,12128.2275390625
2023-08-08,12375.0,12445.0,12311.2392578125
2023-08-09,12400.0,12425.0,12291.4541015625
2023-08-10,12165.0,12205.0,12073.8193359375
2023-08-11,12235.0,12305.0,12172.744140625
2023-08-14,12300.0,12205.0,12073.8193359375
2023-08-16,12465.0,12410.0,12276.615234375
2023-08-17,12215.0,12220.0,12088.6572265625
2023-08-18,11870.0,11885.0,11757.2578125
2023-08-21,11900.0,11895.0,11767.150390625
2023-08-22,11975.0,12200.0,12068.873046875
2023-08-23,12240.0,12330.0,12197.4755859375
2023-08-24,12665.0,12565.0,12429.94921875
2023-08-25,11830.0,11710.0,11584.1396484375
2023-08-28,11970.0,11955.0,11826.505859375
2023-08-29,12095.0,12135.0,12004.5712890625
2023-08-30,12555.0,12635.0,12499.197265625
2023-08-31,12775.0,12790.0,12652.53125
2023-09-01,12860.0,12725.0,12588.2294921875
2023-09-04,12765.0,12800.0,12662.423828125
2023-09-05,12795.0,12920.0,12781.1337890625
2023-09-06,13030.0,12950.0,12810.8115234375
2023-09-07,12860.0,12750.0,12612.9609375
2023-09-08,12740.0,12715.0,12578.3369140625
2023-09-11,12710.0,12745.0,12608.0146484375
2023-09-12,12810.0,12860.0,12721.779296875
2023-09-13,12575.0,12585.0,12449.734375
2023-09-14,12705.0,12750.0,12612.9609375
2023-09-15,12910.0,12880.0,12741.5634765625
2023-09-18,12440.0,12375.0,12241.9912109375
2023-09-19,12375.0,12400.0,12266.72265625
2023-09-20,12415.0,12440.0,12306.29296875
2023-09-21,12110.0,12165.0,12034.2490234375
2023-09-22,11820.0,11835.0,11707.7958984375
2023-09-25,11780.0,11825.0,11697.9033203125
2023-09-26,11995.0,11920.0,11791.8818359375
2023-09-27,11880.0,11830.0,11702.849609375
2023-10-04,11930.0,11865.0,11737.4736328125
2023-10-05,12050.0,12075.0,11945.2158203125
2023-10-06,12115.0,12195.0,12063.9267578125
2023-10-10,12520.0,12555.0,12420.056640625
2023-10-11,12615.0,12510.0,12375.541015625
2023-10-12,12680.0,12725.0,12588.2294921875
2023-10-13,12735.0,12720.0,12583.283203125
2023-10-16,12680.0,12600.0,12464.5732421875
2023-10-17,12700.0,12750.0,12612.9609375
2023-10-18,12715.0,12605.0,12469.51953125
2023-10-19,12550.0,12390.0,12256.830078125
2023-10-20,12165.0,12005.0,11875.96875
2023-10-23,11815.0,11855.0,11727.5810546875
2023-10-24,11910.0,14390.0,14235.333984375
2023-10-25,11850.0,11860.0,11732.52734375
2023-10-26,11290.0,11330.0,11208.2236328125
2023-10-27,11245.0,11275.0,11153.814453125
2023-10-30,11285.0,11245.0,11124.13671875
2023-10-31,11260.0,11195.0,11074.6748046875
2023-11-01,11405.0,11535.0,11411.0205078125
2023-11-02,11905.0,11810.0,11683.064453125
2023-11-03,11910.0,11690.0,11564.3544921875
2023-11-06,11800.0,11560.0,11435.7509765625
2023-11-07,11600.0,11700.0,11574.2470703125
2023-11-08,11945.0,12000.0,11871.0224609375
2023-11-09,11990.0,12045.0,11915.5380859375
2023-11-10,11995.0,11990.0,11861.1298828125
2023-11-13,12485.0,12580.0,12444.7880859375
2023-11-14,12595.0,12765.0,12627.7998046875
2023-11-15,12850.0,12785.0,12647.5849609375
2023-11-16,12780.0,12575.0,12439.841796875
2023-11-17,12500.0,12585.0,12449.734375
2023-11-20,12545.0,12410.0,12276.615234375
2023-11-21,12735.0,12770.0,12632.74609375
2023-11-22,12670.0,12735.0,12598.1220703125
2023-11-23,12945.0,12910.0,12771.2412109375
2023-11-24,12990.0,13070.0,12929.521484375
2023-11-27,12930.0,12880.0,12741.5634765625
2023-11-28,12845.0,12760.0,12622.853515625
2023-11-29,12690.0,12725.0,12588.2294921875
2023-11-30,12720.0,12750.0,12612.9609375
2023-12-01,12775.0,12875.0,12736.6171875
2023-12-04,12795.0,12905.0,12766.294921875
2023-12-05,12835.0,12745.0,12608.0146484375
2023-12-06,13000.0,13085.0,12944.3603515625
2023-12-07,12915.0,13075.0,12934.4677734375
2023-12-08,13215.0,13065.0,12924.5751953125
2023-12-11,13365.0,13335.0,13191.673828125
2023-12-12,13605.0,13625.0,13478.556640625
2023-12-13,13805.0,13940.0,13790.1708984375
2023-12-14,13840.0,13925.0,13775.33203125
2023-12-15,13610.0,13705.0,13557.6962890625
2023-12-18,13915.0,13895.0,13745.654296875
2023-12-19,14100.0,14220.0,14067.1611328125
2023-12-20,14265.0,14240.0,14086.9462890625
2023-12-21,13910.0,14050.0,13898.98828125
2023-12-22,14115.0,14065.0,13913.8271484375
2023-12-26,14125.0,14070.0,13918.7734375
2023-12-27,14215.0,14165.0,14012.7529296875
2023-12-28,14205.0,14170.0,14017.69921875
2024-01-02,14115.0,14190.0,14037.4833984375
2024-01-03,13950.0,13820.0,13671.4609375
2024-01-04,13695.0,13695.0,13547.8037109375
2024-01-05,13735.0,13600.0,13453.8251953125
2024-01-08,13675.0,13655.0,13508.234375
2024-01-09,14155.0,14210.0,14057.2685546875
2024-01-10,14385.0,14405.0,14250.1728515625
2024-01-11,14645.0,14565.0,14408.453125
2024-01-12,14485.0,14490.0,14334.259765625
2024-01-15,14520.0,14720.0,14561.787109375
2024-01-16,14655.0,14760.0,14601.357421875
2024-01-17,14995.0,15005.0,14843.7236328125
2024-01-19,15345.0,15460.0,15293.833984375
2024-01-22,15975.0,16175.0,16001.1484375
2024-01-23,16075.0,15945.0,15773.62109375
2024-01-24,16235.0,16275.0,16100.07421875
2024-01-25,16235.0,16270.0,16095.1279296875
2024-01-26,16195.0,16025.0,15852.7607421875
2024-01-29,16050.0,16140.0,15966.5244140625
2024-01-30,16415.0,16285.0,16109.966796875
2024-01-31,15850.0,15920.0,15748.8896484375
2024-02-01,15670.0,15575.0,15407.59765625
2024-02-02,15995.0,15905.0,15734.05078125
2024-02-05,16405.0,16265.0,16090.181640625
2024-02-06,16370.0,16280.0,16105.0205078125
2024-02-07,16125.0,16100.0,15926.955078125
2024-02-08,16455.0,16500.0,16322.6552734375
2024-02-13,16705.0,16695.0,16515.560546875
2024-02-14,16500.0,16405.0,16228.6767578125
2024-02-15,16665.0,16720.0,16540.291015625
2024-02-16,16720.0,16885.0,16703.517578125
2024-02-19,16520.0,16600.0,16421.580078125
2024-02-20,16565.0,16525.0,16347.38671875
2024-02-21,16220.0,16160.0,15986.3095703125
2024-02-22,16425.0,16445.0,16268.2470703125
2024-02-23,16870.0,16940.0,16757.92578125
2024-02-26,16895.0,16760.0,16579.861328125
2024-02-27,16830.0,16755.0,16574.9140625
2024-02-28,16910.0,16915.0,16733.1953125
2024-02-29,16745.0,16710.0,16530.3984375
2024-03-04,17515.0,17535.0,17346.53125
2024-03-05,17345.0,17290.0,17104.1640625
2024-03-06,16930.0,16915.0,16733.1953125
2024-03-07,16920.0,16850.0,16668.89453125
2024-03-08,17205.0,17125.0,16940.9375
2024-03-11,16605.0,16350.0,16174.267578125
2024-03-12,16425.0,16460.0,16283.0859375
2024-03-13,16755.0,16805.0,16624.376953125
2024-03-14,16665.0,16780.0,16599.646484375
2024-03-15,16630.0,16765.0,16584.806640625
2024-03-18,16545.0,16775.0,16594.69921875
2024-03-19,16910.0,16985.0,16802.443359375
2024-03-20,17180.0,17115.0,16931.044921875
2024-03-21,17520.0,17365.0,17178.359375
2024-03-22,17565.0,17705.0,17514.703125
2024-03-25,17860.0,17735.0,17544.380859375
2024-03-26,17665.0,17685.0,17494.919921875
2024-03-27,17665.0,17840.0,17648.25390625
2024-03-28,17840.0,17775.0,17583.951171875
2024-03-29,17775.0,17795.0,17603.736328125
2024-04-01,17975.0,18020.0,17826.318359375
2024-04-02,17990.0,17930.0,17737.28515625
2024-04-03,17640.0,17465.0,17277.283203125
2024-04-04,17695.0,17665.0,17475.134765625
2024-04-05,17135.0,17245.0,17059.6484375
2024-04-08,17670.0,17600.0,17410.83203125
2024-04-09,17625.0,17690.0,17499.865234375
2024-04-11,17625.0,17705.0,17514.703125
2024-04-12,18400.0,18630.0,18429.76171875
2024-04-15,18270.0,18415.0,18217.072265625
2024-04-16,17815.0,17850.0,17658.146484375
2024-04-17,17980.0,17640.0,17450.40234375
2024-04-18,17185.0,17145.0,16960.72265625
2024-04-19,16805.0,16615.0,16436.419921875
2024-04-22,16305.0,16405.0,16228.6767578125
2024-04-23,16465.0,16410.0,16233.623046875
2024-04-24,16880.0,17000.0,16817.28125
2024-04-25,16610.0,16510.0,16332.5478515625
2024-04-26,17100.0,17220.0,17034.916015625
2024-04-29,17430.0,17525.0,17336.638671875
2024-04-30,17440.0,17640.0,17450.40234375
2024-05-02,16875.0,16840.0,16659.001953125
2024-05-03,17020.0,16850.0,16668.89453125
2024-05-07,17555.0,17575.0,17386.1015625
2024-05-08,17620.0,17720.0,17529.54296875
2024-05-09,17695.0,17770.0,17579.005859375
2024-05-10,17930.0,17930.0,17737.28515625
2024-05-13,18060.0,18075.0,17880.7265625
2024-05-14,18010.0,18075.0,17880.7265625
2024-05-16,18525.0,18270.0,18073.630859375
2024-05-17,18265.0,18405.0,18207.1796875
2024-05-20,18440.0,18460.0,18261.58984375
2024-05-21,18785.0,18825.0,18622.666015625
2024-05-22,18965.0,18940.0,18736.4296875
2024-05-23,19205.0,19220.0,19013.419921875
2024-05-24,18945.0,18950.0,18746.322265625
2024-05-27,19140.0,19140.0,18934.28125
2024-05-28,19140.0,19055.0,18850.193359375
2024-05-29,19255.0,19120.0,18914.49609375
2024-05-30,19075.0,19160.0,18954.06640625
2024-05-31,18935.0,19085.0,18879.87109375
2024-06-03,19120.0,19050.0,18845.248046875
2024-06-04,18960.0,19005.0,18800.732421875
2024-06-05,19165.0,19120.0,18914.49609375
2024-06-07,19520.0,19655.0,19443.74609375
2024-06-10,19910.0,19805.0,19592.1328125
2024-06-11,20000.0,20070.0,19854.28515625
2024-06-12,20395.0,20385.0,20165.8984375
2024-06-13,20860.0,21085.0,20858.375
2024-06-14,21085.0,21295.0,21066.119140625
2024-06-17,21550.0,21425.0,21194.720703125
2024-06-18,21915.0,21955.0,21719.0234375
2024-06-19,22055.0,22050.0,21813.00390625
2024-06-20,22090.0,22350.0,22109.779296875
2024-06-21,22095.0,21950.0,21714.078125
2024-06-24,21930.0,21825.0,21590.421875
2024-06-25,21250.0,21285.0,21056.2265625
2024-06-26,21785.0,21835.0,21600.314453125
2024-06-27,21855.0,21635.0,21402.462890625
2024-06-28,21995.0,21725.0,21491.49609375
2024-07-01,21515.0,21570.0,21338.162109375
2024-07-02,21900.0,21835.0,21600.314453125
2024-07-03,22285.0,22470.0,22228.48828125
2024-07-04,22680.0,22495.0,22253.220703125
2024-07-05,22675.0,22595.0,22352.146484375
2024-07-08,22800.0,23015.0,22767.630859375
2024-07-09,23310.0,23270.0,23019.890625
2024-07-10,23285.0,23335.0,23084.19140625
2024-07-11,23675.0,23515.0,23262.2578125
2024-07-12,22260.0,22560.0,22317.521484375
2024-07-15,22780.0,23050.0,22802.255859375
2024-07-16,23200.0,23180.0,22930.857421875
2024-07-17,23020.0,22650.0,22406.5546875
2024-07-18,21665.0,21920.0,21684.400390625
2024-07-19,21740.0,21745.0,21511.28125
2024-07-22,21415.0,21405.0,21174.935546875
2024-07-23,21690.0,21580.0,21348.0546875
2024-07-24,21580.0,21175.0,20947.408203125
2024-07-25,20055.0,20080.0,19864.177734375
2024-07-26,19620.0,19780.0,19567.40234375
2024-07-29,20085.0,20120.0,19903.748046875
2024-07-30,19765.0,20040.0,19824.607421875
2024-07-31,19740.0,19770.0,19557.509765625
2024-08-01,20510.0,20280.0,20062.02734375
2024-08-02,18990.0,18600.0,18400.083984375
2024-08-05,17415.0,16315.0,16139.6435546875
2024-08-06,17680.0,17980.0,17786.748046875
2024-08-07,17390.0,17890.0,17697.71484375
2024-08-08,16960.0,17395.0,17208.03515625
2024-08-09,19100.0,17960.0,17766.962890625
2024-08-12,18185.0,18390.0,18192.341796875
2024-08-13,18450.0,18515.0,18315.998046875
2024-08-14,19105.0,19070.0,18865.033203125
2024-08-16,19745.0,20150.0,19933.42578125
2024-08-19,20150.0,19185.0,18978.796875
2024-08-20,19645.0,19775.0,19562.455078125
2024-08-21,19645.0,19790.0,19577.294921875
2024-08-22,19935.0,19880.0,19666.326171875
2024-08-23,19850.0,19595.0,19384.390625
2024-08-26,19370.0,19460.0,19250.841796875
2024-08-28,19195.0,19455.0,19245.89453125
2024-08-29,18610.0,18715.0,18513.84765625
2024-08-30,18925.0,19055.0,18850.193359375
2024-09-02,19295.0,19320.0,19112.345703125
2024-09-03,19390.0,19380.0,19171.701171875
2024-09-04,18240.0,18125.0,17930.189453125
2024-09-05,18000.0,17985.0,17791.6953125
2024-09-06,18285.0,17580.0,17391.046875
2024-09-09,17105.0,17380.0,17193.197265625
2024-09-10,17690.0,17580.0,17391.046875
2024-09-11,18010.0,17785.0,17593.84375
2024-09-12,18650.0,18800.0,18597.935546875
2024-09-13,19000.0,18785.0,18583.095703125
2024-09-19,18895.0,19220.0,19013.419921875
2024-09-20,19505.0,19495.0,19285.46484375
2024-09-23,19640.0,19845.0,19631.703125
2024-09-24,19780.0,19850.0,19636.6484375
2024-09-25,19755.0,19680.0,19468.4765625
2024-09-26,20185.0,20275.0,20057.08203125
2024-09-27,19830.0,19690.0,19478.369140625
2024-09-30,19490.0,19120.0,18914.49609375
2024-10-02,19115.0,19000.0,18795.78515625
2024-10-04,19490.0,19585.0,19374.498046875
2024-10-07,20370.0,20345.0,20126.328125
2024-10-08,20000.0,20045.0,19829.552734375
2024-10-10,20955.0,20985.0,20759.44921875
2024-10-11,21195.0,20985.0,20759.44921875
2024-10-14,21025.0,21225.0,20996.87109375
2024-10-15,21645.0,21790.0,21555.798828125
2024-10-16,21280.0,21340.0,21110.634765625
2024-10-17,21320.0,21625.0,21392.572265625
2024-10-18,21660.0,21630.0,21397.517578125
2024-10-21,21840.0,21890.0,21654.72265625
2024-10-22,22185.0,22050.0,21813.00390625
2024-10-23,22240.0,22275.0,22035.5859375
2024-10-24,21850.0,21840.0,21605.259765625
2024-10-25,21865.0,22235.0,21996.015625
2024-10-28,22730.0,22615.0,22371.9296875
2024-10-29,22360.0,22465.0,22223.54296875
2024-10-31,22085.0,21930.0,21694.29296875
2024-11-01,21150.0,21300.0,21071.064453125
2024-11-04,21280.0,21340.0,21110.634765625
2024-11-06,21675.0,22925.0,22678.599609375
2024-11-07,23765.0,23735.0,23479.892578125
2024-11-08,24000.0,24085.0,23826.130859375
2024-11-11,24520.0,24485.0,24221.83203125
2024-11-12,24495.0,24620.0,24355.380859375
2024-11-13,24700.0,24535.0,24271.294921875
2024-11-14,24590.0,24385.0,24122.90625
2024-11-15,24105.0,23595.0,23341.396484375
2024-11-18,22920.0,23025.0,22777.5234375
2024-11-19,22920.0,22930.0,22683.544921875
2024-11-20,23160.0,23275.0,23024.8359375
2024-11-21,23395.0,23220.0,22970.427734375
2024-11-22,23515.0,23660.0,23405.69921875
2024-11-25,23825.0,24015.0,23756.8828125
2024-11-26,23845.0,23765.0,23509.5703125
2024-11-27,23845.0,23880.0,23623.333984375
2024-11-28,23420.0,23580.0,23326.55859375
2024-11-29,23650.0,23620.0,23366.12890625
2024-12-02,24320.0,23960.0,23702.474609375
2024-12-03,24695.0,24675.0,24409.7890625
2024-12-04,25275.0,25245.0,24973.662109375
2024-12-05,25680.0,25800.0,25522.697265625
2024-12-06,25795.0,25960.0,25680.978515625
2024-12-09,26600.0,27035.0,26744.423828125
2024-12-10,26320.0,26220.0,25938.18359375
2024-12-11,26315.0,26305.0,26022.26953125
2024-12-12,27035.0,27120.0,26828.509765625
2024-12-13,27065.0,27105.0,26813.671875
2024-12-16,27205.0,27345.0,27051.091796875
2024-12-17,27810.0,28245.0,27941.41796875
2024-12-18,28050.0,28025.0,27723.783203125
2024-12-19,26230.0,26510.0,26225.06640625
2024-12-20,26170.0,25990.0,25710.65625
2024-12-23,26670.0,27135.0,26843.349609375
2024-12-24,27225.0,27375.0,27080.76953125
2024-12-26,28290.0,28655.0,28347.01171875
2024-12-27,28555.0,28320.0,28015.61328125
2024-12-30,27960.0,27950.0,27649.58984375
2025-01-02,26835.0,26890.0,26600.982421875
2025-01-03,26500.0,26600.0,26314.099609375
2025-01-06,27395.0,27380.0,27085.71484375
2025-01-07,27845.0,27220.0,26927.435546875
2025-01-08,26500.0,26630.0,26343.77734375
2025-01-09,26495.0,26535.0,26249.798828125
2025-01-10,26345.0,26560.0,26274.529296875
2025-01-13,26155.0,25865.0,25587.0
2025-01-14,26055.0,25975.0,25695.81640625
2025-01-15,25630.0,25625.0,25349.578125
2025-01-16,26525.0,26580.0,26294.314453125
2025-01-17,26480.0,26405.0,26121.1953125
2025-01-20,26415.0,26810.0,26521.841796875
2025-01-21,26750.0,26550.0,26264.63671875
2025-01-22,26840.0,27015.0,26724.638671875
2025-01-23,27340.0,27285.0,26991.736328125
2025-01-24,27430.0,27240.0,26947.220703125
2025-01-31,26955.0,27450.0,27154.962890625
2025-02-03,26375.0,26160.0,25878.828125
2025-02-04,26795.0,26765.0,26477.326171875
2025-02-05,27025.0,26560.0,26274.529296875
2025-02-06,27135.0,27385.0,27090.662109375
2025-02-07,27405.0,27430.0,27135.177734375
2025-02-10,27425.0,27230.0,26937.328125
2025-02-11,27495.0,27470.0,27174.748046875
2025-02-12,27610.0,27515.0,27219.265625
2025-02-13,27705.0,27680.0,27382.4921875
2025-02-14,27870.0,28025.0,27723.783203125
2025-02-17,28225.0,28340.0,28035.3984375
2025-02-18,28285.0,28420.0,28114.537109375
2025-02-19,28375.0,28245.0,27941.41796875
2025-02-20,28245.0,27900.0,27600.126953125
2025-02-21,27820.0,27760.0,27461.630859375
2025-02-24,26860.0,26635.0,26348.72265625
2025-02-25,25735.0,25830.0,25552.375
2025-02-26,25285.0,25485.0,25211.083984375
2025-02-27,25845.0,25875.0,25596.892578125
2025-02-28,24740.0,24935.0,24666.994140625
2025-03-04,24590.0,24745.0,24479.037109375
2025-03-05,24555.0,24510.0,24246.5625
2025-03-06,25000.0,24285.0,24023.98046875
2025-03-07,23435.0,23295.0,23044.62109375
2025-03-10,22995.0,23380.0,23128.708984375
2025-03-11,21755.0,22125.0,21887.197265625
2025-03-12,21905.0,21765.0,21531.06640625
2025-03-13,22265.0,21850.0,21615.15234375
2025-03-14,21655.0,21750.0,21516.228515625
2025-03-17,22085.0,21925.0,21689.34765625
2025-03-18,22390.0,22515.0,22273.005859375
2025-03-19,21890.0,22035.0,21798.1640625
2025-03-20,22760.0,22920.0,22673.65234375
2025-03-21,22725.0,22690.0,22446.125
2025-03-24,23110.0,23335.0,23084.19140625
2025-03-25,23820.0,23860.0,23603.548828125
2025-03-26,24185.0,23985.0,23727.205078125
2025-03-27,23155.0,23255.0,23005.052734375
2025-03-28,22900.0,22980.0,22733.0078125
2025-03-31,21420.0,21360.0,21130.419921875
2025-04-01,21720.0,21725.0,21491.49609375
2025-04-02,22300.0,21985.0,21748.701171875
2025-04-03,20595.0,20930.0,20705.041015625
2025-04-04,19510.0,19080.0,18874.92578125
2025-04-07,17400.0,15835.0,15664.802734375
2025-04-08,17905.0,18075.0,17880.7265625
2025-04-09,16850.0,16760.0,16579.861328125
2025-04-10,20485.0,20150.0,19933.42578125
2025-04-11,18645.0,19440.0,19231.056640625
2025-04-14,19500.0,19435.0,19226.109375
2025-04-15,18995.0,19195.0,18988.689453125
2025-04-16,18880.0,18540.0,18340.728515625
2025-04-17,17980.0,18435.0,18236.857421875
2025-04-18,18180.0,18220.0,18024.16796875
2025-04-21,17930.0,17705.0,17514.703125
2025-04-22,17250.0,17370.0,17183.3046875
2025-04-23,18925.0,18720.0,18518.794921875
2025-04-24,19035.0,19140.0,18934.28125
2025-04-25,20260.0,20505.0,20284.609375
2025-04-28,20580.0,20715.0,20492.3515625
2025-04-29,20765.0,20750.0,20526.9765625
2025-04-30,20740.0,20350.0,20131.275390625
2025-05-02,21260.0,20705.0,20482.458984375
2025-05-07,20305.0,20645.0,20423.103515625
2025-05-08,20645.0,21005.0,20779.234375
2025-05-09,21200.0,21225.0,20996.87109375
2025-05-12,21620.0,22095.0,21857.51953125
2025-05-13,23165.0,23145.0,22896.234375
2025-05-14,24060.0,24205.0,23944.841796875
2025-05-15,23975.0,23425.0,23173.224609375
2025-05-16,23685.0,23415.0,23163.33203125
2025-05-19,23610.0,23375.0,23123.76171875
2025-05-20,23765.0,23540.0,23286.98828125
2025-05-21,23585.0,23210.0,22960.53515625
2025-05-22,22535.0,22675.0,22431.28515625
2025-05-23,22860.0,22445.0,22203.7578125
2025-05-26,22445.0,22315.0,22075.154296875
2025-05-27,22410.0,22535.0,22292.791015625
2025-05-28,23105.0,23175.0,22925.912109375
2025-05-29,23955.0,23885.0,23628.28125
2025-05-30,22790.0,23135.0,22886.341796875
2025-06-02,23035.0,22635.0,22391.71484375
2025-06-04,23640.0,23455.0,23202.90234375
2025-06-05,23425.0,23225.0,22975.375
2025-06-09,23415.0,23190.0,22940.75
2025-06-10,23250.0,23675.0,23420.537109375
2025-06-11,23950.0,24160.0,23900.32421875
2025-06-12,23865.0,23415.0,23163.33203125
2025-06-13,23240.0,23265.0,23014.9453125
2025-06-16,23400.0,23420.0,23168.279296875
2025-06-17,23570.0,23685.0,23430.4296875
2025-06-18,23815.0,23740.0,23484.83984375
2025-06-19,23750.0,23745.0,23489.78515625
2025-06-20,23715.0,23430.0,23178.169921875
2025-06-23,23365.0,23780.0,23524.408203125
2025-06-24,24215.0,24110.0,23850.861328125
2025-06-25,24185.0,24375.0,24113.013671875
2025-06-26,24295.0,24345.0,24083.3359375
2025-06-27,24670.0,24810.0,24543.337890625
2025-06-30,25105.0,24920.0,24652.15625
2025-07-01,24980.0,25050.0,24780.759765625
2025-07-02,24770.0,24995.0,24726.349609375
2025-07-03,25045.0,25240.0,24968.716796875
2025-07-04,25690.0,25605.0,25329.79296875
2025-07-07,25605.0,25685.0,25408.93359375
2025-07-08,25735.0,25720.0,25443.55859375
2025-07-09,25750.0,25815.0,25537.537109375
2025-07-10,26095.0,25920.0,25641.408203125
2025-07-11,26120.0,26070.0,25789.794921875
2025-07-14,25975.0,25980.0,25700.763671875
2025-07-15,26380.0,26620.0,26333.884765625
2025-07-16,26585.0,26525.0,26239.90625
2025-07-17,26665.0,27120.0,26828.509765625
2025-07-18,27320.0,27485.0,27189.587890625
2025-07-21,27435.0,27330.0,27036.25390625
2025-07-22,27215.0,27350.0,27056.0390625
2025-07-23,26960.0,26875.0,26586.142578125
2025-07-24,27195.0,26700.0,26413.025390625
2025-07-25,26865.0,27160.0,26868.080078125
2025-07-28,27615.0,27680.0,27382.4921875
2025-07-29,27910.0,28020.0,27718.8359375
2025-07-30,27785.0,27615.0,27318.189453125
2025-07-31,28395.0,28430.0,28124.4296875
2025-08-01,27575.0,27785.0,27486.36328125
2025-08-04,26540.0,26490.0,26205.28125
2025-08-05,27265.0,27475.0,27179.6953125
2025-08-06,26720.0,27135.0,26843.349609375
2025-08-07,27560.0,27500.0,27204.42578125
2025-08-08,27700.0,27970.0,27669.375
2025-08-11,28335.0,28370.0,28065.07421875
2025-08-12,28300.0,28260.0,27956.2578125
2025-08-13,28775.0,28640.0,28332.173828125
2025-08-14,28570.0,28600.0,28292.603515625
2025-08-18,28720.0,28430.0,28124.4296875
2025-08-19,28540.0,28540.0,28233.248046875
2025-08-20,27835.0,27930.0,27629.8046875
2025-08-21,27845.0,27905.0,27605.072265625
2025-08-22,27725.0,27250.0,26957.11328125
2025-08-25,27925.0,27805.0,27506.1484375
2025-08-26,27950.0,28080.0,27778.19140625
2025-08-27,28415.0,28425.0,28119.484375
2025-08-28,28125.0,28040.0,27738.62109375
2025-08-29,28420.0,28485.0,28178.83984375
2025-09-01,27950.0,27840.0,27540.771484375
2025-09-02,27960.0,27825.0,27525.93359375
2025-09-03,27740.0,27715.0,27417.115234375
2025-09-04,27845.0,27965.0,27664.427734375
2025-09-05,28545.0,28645.0,28337.119140625
2025-09-08,28610.0,28605.0,28297.548828125
2025-09-09,28605.0,28680.0,28371.7421875
2025-09-10,28850.0,28840.0,28530.0234375
2025-09-11,28895.0,29005.0,28693.25
2025-09-12,29280.0,29180.0,28866.369140625
2025-09-15,29435.0,29495.0,29177.982421875
2025-09-16,29745.0,29585.0,29267.015625
2025-09-17,29420.0,29475.0,29158.19921875
2025-09-18,29620.0,30005.0,29682.501953125
2025-09-19,30280.0,30485.0,30157.341796875
2025-09-22,31095.0,30815.0,30483.794921875
2025-09-23,31160.0,31255.0,30919.06640625
2025-09-24,30830.0,31110.0,30775.625
2025-09-25,31020.0,30930.0,30597.560546875
2025-09-26,30950.0,31265.0,30928.958984375
2025-09-29,31395.0,31130.0,30795.41015625
2025-09-30,31150.0,31320.0,30983.3671875
2025-10-01,31320.0,31100.0,30765.732421875
2025-10-02,31740.0,31780.0,31438.423828125
2025-10-10,33320.0,33395.0,33036.06640625
2025-10-13,32320.0,32355.0,32007.244140625
2025-10-14,32715.0,32290.0,31942.94140625
2025-10-15,32310.0,32320.0,31972.619140625
2025-10-16,32395.0,32400.0,32051.759765625
2025-10-17,31830.0,31650.0,31309.8203125
2025-10-20,32620.0,32780.0,32427.67578125
2025-10-21,33375.0,33660.0,33298.21875
2025-10-22,33695.0,33905.0,33540.5859375
2025-10-23,33110.0,33705.0,33342.734375
2025-10-24,34185.0,34340.0,33970.91015625
2025-10-27,35220.0,35250.0,34871.12890625
2025-10-28,35765.0,35970.0,35583.390625
2025-10-29,36345.0,36610.0,36216.51171875
2025-10-30,36185.0,36185.0,35796.078125
2025-10-31,36225.0,36005.0,35618.01171875
2025-11-03,35875.0,35800.0,35415.21484375
2025-11-04,35900.0,35500.0,35118.44140625
2025-11-05,35030.0,35405.0,35024.4609375
2025-11-06,35745.0,35765.0,35380.59375
2025-11-07,34860.0,35250.0,34871.12890625
2025-11-10,35265.0,35355.0,34975.0
2025-11-11,36275.0,36500.0,36107.69140625
2025-11-12,36485.0,36885.0,36488.5546875
2025-11-13,36665.0,36845.0,36448.984375
2025-11-14,35410.0,34465.0,34094.56640625
2025-11-17,34570.0,35030.0,34653.4921875
2025-11-18,34440.0,33870.0,33505.9609375
2025-11-19,33400.0,33415.0,33055.8515625
2025-11-20,34965.0,35170.0,34791.98828125
2025-11-21,32640.0,32755.0,32402.9453125
2025-11-24,33400.0,33710.0,33347.6796875
2025-11-25,35005.0,34740.0,34366.609375
2025-11-26,34865.0,35200.0,34821.6640625
2025-11-27,35750.0,35535.0,35153.06640625
2025-11-28,35555.0,35995.0,35608.12109375
2025-12-01,36060.0,35630.0,35247.04296875
2025-12-02,36065.0,35820.0,35435.0
2025-12-03,36520.0,36675.0,36280.8125
2025-12-04,36640.0,36950.0,36552.85546875
2025-12-05,36945.0,36910.0,36513.28515625
2025-12-08,37045.0,37055.0,36656.7265625
2025-12-09,36970.0,36910.0,36513.28515625
2025-12-10,36735.0,36945.0,36547.91015625
2025-12-11,36925.0,36430.0,36038.4453125
2025-12-12,36830.0,37115.0,36716.08203125
2025-12-15,35840.0,35740.0,35355.859375
2025-12-16,35060.0,34870.0,34495.2109375
2025-12-17,35405.0,35835.0,35449.83984375
2025-12-18,34470.0,34605.0,34233.05859375
2025-12-19,35240.0,35350.0,34970.0546875
2025-12-22,36400.0,36620.0,36226.40234375
2025-12-23,36810.0,36770.0,36374.7890625
2025-12-24,37070.0,35565.0,35182.7421875
2025-12-26,35720.0,35355.0,34975.0
2025-12-29,35020.0,34355.0,34355.0
2025-12-30,34150.0,34525.0,34525.0
2026-01-02,33995.0,34415.0,34415.0
2026-01-05,34200.0,34105.0,34105.0
2026-01-06,34420.0,34625.0,34625.0
2026-01-07,35220.0,35020.0,35020.0
2026-01-08,35245.0,34945.0,34945.0
2026-01-09,35005.0,35310.0,35310.0
2026-01-12,35980.0,35810.0,35810.0
2026-01-13,36315.0,36685.0,36685.0
2026-01-14,36740.0,36640.0,36640.0
2026-01-15,35405.0,35860.0,35860.0
2026-01-16,35935.0,36365.0,36365.0
2026-01-19,35385.0,35190.0,35190.0
2026-01-20,35135.0,35135.0,35135.0
2026-01-21,34725.0,34575.0,34575.0
2026-01-22,35350.0,35250.0,35250.0
2026-01-23,35415.0,35690.0,35690.0
2026-01-26,34320.0,34455.0,34455.0
2026-01-27,35470.0,35420.0,35420.0
2026-01-28,35380.0,35245.0,35245.0
2026-01-29,35250.0,35385.0,35385.0
2026-01-30,34970.0,34755.0,34755.0
2026-02-02,34520.0,34390.0,34390.0
2026-02-03,35645.0,35505.0,35505.0
2026-02-04,34305.0,34355.0,34355.0
2026-02-05,33735.0,34005.0,34005.0
2026-02-06,32145.0,32820.0,32820.0
2026-02-09,34395.0,33940.0,33940.0
2026-02-10,34395.0,34310.0,34310.0
2026-02-11,34160.0,33810.0,33810.0
2026-02-12,33685.0,33520.0,33520.0
2026-02-13,32265.0,32075.0,32075.0
2026-02-19,33125.0,32900.0,32900.0
2026-02-20,32815.0,32790.0,32790.0
2026-02-23,32650.0,32250.0,32250.0
2026-02-24,32260.0,32365.0,32365.0
2026-02-25,32825.0,32295.0,32295.0
2026-02-26,32905.0,32925.0,32925.0
2026-02-27,32310.0,32690.0,32690.0
2026-03-03,33555.0,33255.0,33255.0
2026-03-04,33400.0,32945.0,32945.0
2026-03-05,34055.0,33800.0,33800.0
2026-03-06,34495.0,34490.0,34490.0
2026-03-09,32770.0,33085.0,33085.0
2026-03-10,33565.0,33715.0,33715.0
2026-03-11,34075.0,33790.0,33790.0
2026-03-12,33845.0,33830.0,33830.0
2026-03-13,33415.0,33750.0,33750.0
2026-03-16,33675.0,33840.0,33840.0
2026-03-17,33855.0,33645.0,33645.0
2026-03-18,33970.0,34335.0,34335.0
2026-03-19,33815.0,33620.0,33620.0
2026-03-20,33155.0,33440.0,33440.0
2026-03-23,32170.0,32435.0,32435.0
2026-03-24,32675.0,32500.0,32500.0
2026-03-25,32705.0,32815.0,32815.0
2026-03-26,32940.0,32975.0,32975.0
2026-03-27,31935.0,32085.0,32085.0
2026-03-30,30145.0,30830.0,30830.0
2026-03-31,30175.0,31270.0,31270.0
2026-04-01,32295.0,32145.0,32145.0
2026-04-02,32905.0,32170.0,32170.0
2026-04-03,32840.0,32540.0,32540.0
2026-04-06,32625.0,32770.0,32770.0
2026-04-07,33070.0,32700.0,32700.0
2026-04-08,33810.0,33745.0,33745.0
2026-04-09,33820.0,33910.0,33910.0
2026-04-10,34150.0,34440.0,34440.0
2026-04-13,34335.0,34400.0,34400.0
2026-04-14,35165.0,35325.0,35325.0
2026-04-15,36025.0,36130.0,36130.0
2026-04-16,37240.0,37500.0,37500.0
2026-04-17,37860.0,37905.0,37905.0
2026-04-20,38190.0,38175.0,38175.0
2026-04-21,38325.0,38290.0,38290.0
2026-04-22,38655.0,38605.0,38605.0
2026-04-23,39450.0,39335.0,39335.0
2026-04-24,39935.0,39775.0,39775.0
2026-04-27,40360.0,40235.0,40235.0
2026-04-28,40450.0,40085.0,40085.0
2026-04-29,39685.0,40120.0,40120.0
2026-04-30,41330.0,40235.0,40235.0
2026-05-04,41455.0,41110.0,41110.0
2026-05-06,42580.0,41940.0,41940.0
2026-05-07,42475.0,43000.0,43000.0
2026-05-08,43160.0,44345.0,44345.0
2026-05-11,45515.0,46055.0,46055.0
2026-05-12,46505.0,46830.0,46830.0
2026-05-13,46485.0,47095.0,47095.0
2026-05-14,48050.0,48095.0,48095.0
2026-05-15,48495.0,47730.0,47730.0
2026-05-18,47105.0,46545.0,46545.0
2026-05-19,46545.0,46990.0,46990.0
2026-05-20,46970.0,46985.0,46985.0
2026-05-21,47205.0,48160.0,48160.0
2026-05-22,48750.0,49470.0,49470.0
2026-05-26,50400.0,49525.0,49525.0
2026-05-27,50625.0,50170.0,50170.0
2026-05-28,50120.0,49775.0,49775.0
2026-05-29,50580.0,51395.0,51395.0
2026-06-01,52030.0,52015.0,52015.0
2026-06-02,52280.0,52685.0,52685.0
2026-06-04,53185.0,53545.0,53545.0
2026-06-05,53015.0,52965.0,52965.0
2026-06-08,49900.0,49015.0,49015.0
2026-06-09,49580.0,49225.0,49225.0
2026-06-10,48465.0,47970.0,47970.0
2026-06-11,45950.0,47440.0,47440.0
2026-06-12,49575.0,49020.0,49020.0
2026-06-15,50715.0,51235.0,51235.0
2026-06-16,52590.0,52340.0,52340.0
2026-06-17,50695.0,51185.0,51185.0
2026-06-18,51310.0,51670.0,51670.0
2026-06-19,53305.0,52230.0,52230.0
2026-06-22,51880.0,53535.0,53535.0
2026-06-23,53205.0,51115.0,51115.0
2026-06-24,49880.0,50555.0,50555.0
2026-06-25,51610.0,51540.0,51540.0
2026-06-26,50530.0,48560.0,48560.0
2026-06-29,49605.0,50260.0,50260.0
2026-06-30,51215.0,52070.0,52070.0
2026-07-01,53335.0,53345.0,53345.0
2026-07-02,52895.0,51660.0,51660.0
2026-07-03,49910.0,49825.0,49825.0
2026-07-06,50105.0,49795.0,49795.0
2026-07-07,50400.0,49075.0,49075.0
2026-07-08,47575.0,46255.0,46255.0
2026-07-09,47235.0,47735.0,47735.0
2026-07-10,48810.0,48000.0,48000.0
2026-07-13,48140.0,47550.0,47550.0
2026-07-14,46550.0,46830.0,46830.0
2026-07-15,47295.0,47700.0,47700.0
2026-07-16,46710.0,46375.0,46375.0
2026-07-20,44260.0,43390.0,43390.0
2026-07-21,43175.0,44060.0,44060.0
2026-07-22,44955.0,44410.0,44410.0
2026-07-23,44365.0,43735.0,43735.0
2026-07-24,42940.0,41955.0,41955.0
2026-07-27,42035.0,42520.0,42520.0
2026-07-28,40980.0,39835.0,39835.0
2026-07-29,39990.0,38795.0,38795.0
2026-07-30,37700.0,37405.0,37405.0
2026-07-31,39320.0,39845.0,39845.0
2026-08-03,40475.0,40280.0,40280.0
2026-08-04,41355.0,41600.0,41600.0
2026-08-05,43700.0,43565.0,43565.0
2026-08-06,42470.0,42410.0,42410.0
2026-08-07,42665.0,42105.0,42105.0
2026-08-10,42500.0,43190.0,43190.0
2026-08-11,42745.0,42690.0,42690.0
2026-08-12,42285.0,42510.0,42510.0
2026-08-13,42900.0,43200.0,43200.0
2026-08-14,43840.0,43875.0,43875.0
2026-08-18,43570.0,42590.0,42590.0
2026-08-19,41680.0,40760.0,40760.0
2026-08-20,40710.0,40955.0,40955.0
2026-08-21,39695.0,39840.0,39840.0
2026-08-24,40015.0,39080.0,39080.0
2026-08-25,38790.0,39530.0,39530.0
2026-08-26,39215.0,39410.0,39410.0
2026-08-27,40450.0,39735.0,39795.58703939009
2026-08-28,40235.0,39725.0,39785.57179161373
