Date,Close
2012-08-29,5829.72021484375
2012-08-30,5799.3720703125
2012-08-31,5782.81787109375
2012-09-03,5796.6142578125
2012-09-04,5813.166015625
2012-09-05,5755.22705078125
2012-09-06,5804.89013671875
2012-09-07,5837.99560546875
2012-09-10,5846.2734375
2012-09-11,5802.1318359375
2012-09-12,5865.5869140625
2012-09-13,5824.2041015625
2012-09-14,5981.46240234375
2012-09-17,6020.08984375
2012-09-18,6033.884765625
2012-09-19,6075.2685546875
2012-09-20,6061.47509765625
2012-09-21,6100.1025390625
2012-09-24,6089.0634765625
2012-09-25,6047.6787109375
2012-09-26,6014.57080078125
2012-09-27,5964.91162109375
2012-09-28,5934.5615234375
2012-10-02,5915.24853515625
2012-10-04,5934.5615234375
2012-10-05,5989.7412109375
2012-10-08,5959.3916015625
2012-10-09,5981.46240234375
2012-10-10,5945.59619140625
2012-10-11,5890.4169921875
2012-10-12,5904.21142578125
2012-10-15,5920.7666015625
2012-10-16,5912.48974609375
2012-10-17,5920.7666015625
2012-10-18,5904.21142578125
2012-10-19,5909.7294921875
2012-10-22,5887.6611328125
2012-10-23,5890.4169921875
2012-10-24,5898.69482421875
2012-10-25,5826.96142578125
2012-10-26,5791.0947265625
2012-10-29,5804.89013671875
2012-10-30,5832.478515625
2012-10-31,5865.5869140625
2012-11-01,5898.69482421875
2012-11-02,5904.21142578125
2012-11-05,5970.4287109375
2012-11-06,6000.7763671875
2012-11-07,5962.15185546875
2012-11-08,5929.044921875
2012-11-09,5895.93505859375
2012-11-12,5868.3447265625
2012-11-13,5826.96142578125
2012-11-14,5804.89013671875
2012-11-15,5711.08349609375
2012-11-16,5730.396484375
2012-11-19,5774.53955078125
2012-11-20,5782.81787109375
2012-11-21,5746.951171875
2012-11-22,5752.4677734375
2012-11-23,5755.22705078125
2012-11-26,5804.89013671875
2012-11-27,5818.68505859375
2012-11-28,5785.5751953125
2012-11-29,5851.79296875
2012-11-30,5857.31298828125
2012-12-03,5860.0693359375
2012-12-04,5846.2734375
2012-12-05,5857.31298828125
2012-12-06,5876.62353515625
2012-12-07,5901.45458984375
2012-12-10,5918.0078125
2012-12-11,5981.46240234375
2012-12-12,5984.22314453125
2012-12-13,6044.9208984375
2012-12-14,6086.3046875
2012-12-17,6064.23291015625
2012-12-18,6111.1357421875
2012-12-20,6171.8349609375
2012-12-21,6191.14892578125
2012-12-24,6174.59228515625
2012-12-26,6221.49658203125
2012-12-27,6246.326171875
2012-12-28,6279.43359375
2013-01-02,6315.30126953125
2013-01-03,6323.57861328125
2013-01-04,6329.09423828125
2013-01-07,6340.1298828125
2013-01-08,6301.505859375
2013-01-09,6265.638671875
2013-01-10,6290.4697265625
2013-01-11,6262.8798828125
2013-01-14,6315.30126953125
2013-01-15,6323.57861328125
2013-01-16,6282.19189453125
2013-01-17,6298.748046875
2013-01-18,6320.81640625
2013-01-21,6364.962890625
2013-01-22,6375.998046875
2013-01-23,6340.1298828125
2013-01-24,6370.4794921875
2013-01-25,6362.201171875
2013-01-28,6384.27392578125
2013-01-29,6367.72021484375
2013-01-30,6392.55224609375
2013-01-31,6387.03466796875
2013-02-01,6375.998046875
2013-02-04,6406.3466796875
2013-02-05,6348.408203125
2013-02-06,6337.37353515625
2013-02-07,6323.57861328125
2013-02-08,6320.81640625
2013-02-12,6323.57861328125
2013-02-13,6395.3095703125
2013-02-14,6409.10693359375
2013-02-15,6411.865234375
2013-02-18,6439.45361328125
2013-02-19,6464.28564453125
2013-02-20,6552.57373046875
2013-02-21,6505.66845703125
2013-02-22,6516.705078125
2013-02-25,6483.59765625
2013-02-26,6491.8740234375
2013-02-27,6458.765625
2013-02-28,6571.88427734375
2013-03-04,6549.8125
2013-03-05,6544.296875
2013-03-06,6527.7421875
2013-03-07,6558.09033203125
2013-03-08,6563.607421875
2013-03-11,6593.95556640625
2013-03-12,6560.8486328125
2013-03-13,6538.7783203125
2013-03-14,6555.33203125
2013-03-15,6516.705078125
2013-03-18,6494.63232421875
2013-03-19,6508.42822265625
2013-03-20,6447.732421875
2013-03-21,6378.75830078125
2013-03-22,6381.517578125
2013-03-25,6467.04345703125
2013-03-26,6489.1142578125
2013-03-27,6497.39208984375
2013-03-28,6505.66845703125
2013-03-29,6549.8125
2013-04-01,6516.705078125
2013-04-02,6494.63232421875
2013-04-03,6478.080078125
2013-04-04,6436.69482421875
2013-04-05,6334.61279296875
2013-04-08,6271.15673828125
2013-04-09,6290.4697265625
2013-04-10,6309.7822265625
2013-04-11,6362.201171875
2013-04-12,6348.408203125
2013-04-15,6370.4794921875
2013-04-16,6409.10693359375
2013-04-17,6417.3837890625
2013-04-18,6422.90234375
2013-04-19,6425.65869140625
2013-04-22,6469.802734375
2013-04-23,6513.94677734375
2013-04-24,6574.646484375
2013-04-25,6624.3056640625
2013-04-26,6613.27001953125
2013-04-29,6579.427734375
2013-04-30,6621.728515625
2013-05-02,6585.06591796875
2013-05-03,6596.35009765625
2013-05-06,6630.18896484375
2013-05-07,6669.6748046875
2013-05-08,6711.97607421875
2013-05-09,6765.556640625
2013-05-10,6652.75244140625
2013-05-13,6678.1328125
2013-05-14,6731.7158203125
2013-05-15,6728.8955078125
2013-05-16,6807.86083984375
2013-05-20,6788.11865234375
2013-05-21,6802.22119140625
2013-05-22,6827.60302734375
2013-05-23,6785.29833984375
2013-05-24,6771.19873046875
2013-05-27,6762.73876953125
2013-05-28,6830.42333984375
2013-05-29,6816.3203125
2013-05-30,6782.47998046875
2013-05-31,6793.76123046875
2013-06-03,6697.87646484375
2013-06-04,6644.29296875
2013-06-05,6570.96728515625
2013-06-07,6559.6884765625
2013-06-10,6562.505859375
2013-06-11,6551.2275390625
2013-06-12,6511.7451171875
2013-06-13,6463.802734375
2013-06-14,6415.8583984375
2013-06-17,6393.29638671875
2013-06-18,6376.37744140625
2013-06-19,6339.71435546875
2013-06-20,6204.34765625
2013-06-21,6063.3408203125
2013-06-24,6018.21826171875
2013-06-25,5930.79296875
2013-06-26,5981.55517578125
2013-06-27,6074.619140625
2013-06-28,6221.26806640625
2013-07-01,6170.5068359375
2013-07-02,6178.9658203125
2013-07-03,6080.259765625
2013-07-04,6139.48486328125
2013-07-05,6190.24658203125
2013-07-08,6153.583984375
2013-07-09,6198.70751953125
2013-07-10,6176.14599609375
2013-07-11,6317.15185546875
2013-07-12,6314.33154296875
2013-07-15,6305.87451171875
2013-07-16,6286.13232421875
2013-07-17,6342.5341796875
2013-07-18,6283.31005859375
2013-07-19,6311.51220703125
2013-07-22,6382.0166015625
2013-07-23,6421.49755859375
2013-07-24,6429.95947265625
2013-07-25,6452.521484375
2013-07-26,6421.49755859375
2013-07-29,6382.0166015625
2013-07-30,6427.138671875
2013-07-31,6432.78076171875
2013-08-01,6427.138671875
2013-08-02,6458.16064453125
2013-08-05,6444.060546875
2013-08-06,6359.45654296875
2013-08-07,6314.33154296875
2013-08-08,6319.97265625
2013-08-09,6300.23291015625
2013-08-12,6297.41259765625
2013-08-13,6300.23291015625
2013-08-14,6387.6572265625
2013-08-16,6396.119140625
2013-08-19,6396.119140625
2013-08-20,6294.59130859375
2013-08-21,6215.6298828125
2013-08-22,6085.90234375
2013-08-23,6114.10009765625
2013-08-26,6173.32421875
2013-08-27,6170.5068359375
2013-08-28,6145.1220703125
2013-08-29,6212.80859375
2013-08-30,6260.74853515625
2013-09-02,6317.15185546875
2013-09-03,6379.1953125
2013-09-04,6365.09619140625
2013-09-05,6396.119140625
2013-09-06,6393.29638671875
2013-09-09,6475.08154296875
2013-09-10,6523.0263671875
2013-09-11,6590.7099609375
2013-09-12,6618.91015625
2013-09-13,6582.24755859375
2013-09-16,6621.728515625
2013-09-17,6647.11279296875
2013-09-23,6669.6748046875
2013-09-24,6644.29296875
2013-09-25,6647.11279296875
2013-09-26,6680.95458984375
2013-09-27,6683.775390625
2013-09-30,6652.75244140625
2013-10-01,6641.47021484375
2013-10-02,6582.24755859375
2013-10-04,6599.1689453125
2013-10-07,6587.8896484375
2013-10-08,6593.52978515625
2013-10-10,6539.94384765625
2013-10-11,6599.1689453125
2013-10-14,6570.96728515625
2013-10-15,6649.93017578125
2013-10-16,6649.93017578125
2013-10-17,6669.6748046875
2013-10-18,6717.6142578125
2013-10-21,6731.7158203125
2013-10-22,6748.63818359375
2013-10-23,6728.8955078125
2013-10-24,6771.19873046875
2013-10-25,6695.0546875
2013-10-28,6683.775390625
2013-10-29,6737.35498046875
2013-10-30,6734.53564453125
2013-10-31,6683.775390625
2013-11-01,6661.2119140625
2013-11-04,6610.44873046875
2013-11-05,6570.96728515625
2013-11-06,6579.427734375
2013-11-07,6508.92431640625
2013-11-08,6483.54296875
2013-11-11,6449.69970703125
2013-11-12,6500.46337890625
2013-11-13,6432.78076171875
2013-11-14,6413.03857421875
2013-11-15,6528.66650390625
2013-11-18,6506.10400390625
2013-11-19,6579.427734375
2013-11-20,6508.92431640625
2013-11-21,6463.802734375
2013-11-22,6508.92431640625
2013-11-25,6531.4853515625
2013-11-26,6525.8447265625
2013-11-27,6565.32763671875
2013-11-28,6607.62939453125
2013-11-29,6638.64990234375
2013-12-02,6599.1689453125
2013-12-03,6548.4052734375
2013-12-04,6477.90234375
2013-12-05,6452.521484375
2013-12-06,6421.49755859375
2013-12-09,6446.88037109375
2013-12-10,6429.95947265625
2013-12-11,6384.8369140625
2013-12-12,6365.09619140625
2013-12-13,6334.07373046875
2013-12-16,6311.51220703125
2013-12-17,6365.09619140625
2013-12-18,6396.119140625
2013-12-19,6396.119140625
2013-12-20,6410.2177734375
2013-12-23,6483.54296875
2013-12-24,6542.765625
2013-12-26,6585.06591796875
2013-12-27,6678.1328125
2013-12-30,6703.5146484375
2014-01-02,6508.92431640625
2014-01-03,6469.43994140625
2014-01-06,6472.26171875
2014-01-07,6486.36376953125
2014-01-08,6497.64306640625
2014-01-09,6494.82177734375
2014-01-10,6455.34130859375
2014-01-13,6494.82177734375
2014-01-14,6432.78076171875
2014-01-15,6511.7451171875
2014-01-16,6497.64306640625
2014-01-17,6503.28271484375
2014-01-20,6503.28271484375
2014-01-21,6472.26171875
2014-01-22,6503.28271484375
2014-01-23,6455.34130859375
2014-01-24,6483.54296875
2014-01-27,6390.4775390625
2014-01-28,6401.75830078125
2014-01-29,6523.0263671875
2014-02-03,6418.67919921875
2014-02-04,6331.2568359375
2014-02-05,6322.794921875
2014-02-06,6319.97265625
2014-02-07,6367.91650390625
2014-02-10,6387.6572265625
2014-02-11,6424.31982421875
2014-02-12,6432.78076171875
2014-02-13,6401.75830078125
2014-02-14,6469.43994140625
2014-02-17,6475.08154296875
2014-02-18,6475.08154296875
2014-02-19,6418.67919921875
2014-02-20,6429.95947265625
2014-02-21,6427.138671875
2014-02-24,6427.138671875
2014-02-25,6466.62060546875
2014-02-26,6463.802734375
2014-02-27,6489.18310546875
2014-02-28,6514.56298828125
2014-03-03,6435.59912109375
2014-03-04,6418.67919921875
2014-03-05,6438.4208984375
2014-03-06,6466.62060546875
2014-03-07,6455.34130859375
2014-03-10,6404.578125
2014-03-11,6449.69970703125
2014-03-12,6376.37744140625
2014-03-13,6432.78076171875
2014-03-14,6384.8369140625
2014-03-17,6396.119140625
2014-03-18,6429.95947265625
2014-03-19,6441.24072265625
2014-03-20,6396.119140625
2014-03-21,6396.119140625
2014-03-24,6418.67919921875
2014-03-25,6444.060546875
2014-03-26,6480.7216796875
2014-03-27,6489.18310546875
2014-03-28,6472.26171875
2014-03-31,6506.10400390625
2014-04-01,6497.64306640625
2014-04-02,6449.69970703125
2014-04-03,6427.138671875
2014-04-04,6460.98046875
2014-04-07,6444.060546875
2014-04-08,6483.54296875
2014-04-09,6601.98779296875
2014-04-10,6647.11279296875
2014-04-11,6607.62939453125
2014-04-14,6613.2685546875
2014-04-15,6613.2685546875
2014-04-16,6551.2275390625
2014-04-17,6548.4052734375
2014-04-18,6599.1689453125
2014-04-21,6551.2275390625
2014-04-22,6576.607421875
2014-04-23,6568.14697265625
2014-04-24,6562.505859375
2014-04-25,6458.16064453125
2014-04-28,6460.98046875
2014-04-29,6485.2802734375
2014-04-30,6540.2412109375
2014-05-02,6499.7431640625
2014-05-07,6438.99755859375
2014-05-08,6401.39404296875
2014-05-09,6479.49169921875
2014-05-12,6410.07080078125
2014-05-13,6404.2861328125
2014-05-14,6491.06689453125
2014-05-15,6482.38623046875
2014-05-16,6453.46044921875
2014-05-19,6450.56689453125
2014-05-20,6433.212890625
2014-05-21,6430.3193359375
2014-05-22,6436.10546875
2014-05-23,6459.24609375
2014-05-26,6496.85009765625
2014-05-27,6456.3525390625
2014-05-28,6459.24609375
2014-05-29,6395.609375
2014-05-30,6372.46826171875
2014-06-02,6372.46826171875
2014-06-03,6300.15185546875
2014-06-05,6274.1181640625
2014-06-09,6311.72119140625
2014-06-10,6329.07958984375
2014-06-11,6358.0048828125
2014-06-12,6352.21728515625
2014-06-13,6349.32568359375
2014-06-16,6331.96923828125
2014-06-17,6279.90234375
2014-06-18,6305.9345703125
2014-06-19,6375.361328125
2014-06-20,6277.01123046875
2014-06-23,6308.82958984375
2014-06-24,6375.361328125
2014-06-25,6343.54052734375
2014-06-26,6412.96630859375
2014-06-27,6410.07080078125
2014-06-30,6496.85009765625
2014-07-01,6476.599609375
2014-07-02,6502.6357421875
2014-07-03,6467.92529296875
2014-07-04,6496.85009765625
2014-07-07,6441.88916015625
2014-07-08,6415.85595703125
2014-07-09,6392.716796875
2014-07-10,6404.2861328125
2014-07-11,6386.93017578125
2014-07-14,6404.2861328125
2014-07-15,6453.46044921875
2014-07-16,6467.92529296875
2014-07-17,6514.20556640625
2014-07-18,6479.49169921875
2014-07-21,6514.20556640625
2014-07-22,6537.34619140625
2014-07-23,6566.2734375
2014-07-24,6583.63037109375
2014-07-25,6551.8095703125
2014-07-28,6627.017578125
2014-07-29,6684.87158203125
2014-07-30,6762.97265625
2014-07-31,6841.07470703125
2014-08-01,6890.2470703125
2014-08-04,6884.462890625
2014-08-05,6794.7919921875
2014-08-06,6794.7919921875
2014-08-07,6754.2919921875
2014-08-08,6751.40087890625
2014-08-11,6768.7568359375
2014-08-12,6716.689453125
2014-08-13,6757.1875
2014-08-14,6774.5419921875
2014-08-18,6765.86474609375
2014-08-19,6751.40087890625
2014-08-20,6705.1181640625
2014-08-21,6624.125
2014-08-22,6696.4423828125
2014-08-25,6673.30078125
2014-08-26,6722.47705078125
2014-08-27,6719.583984375
2014-08-28,6768.7568359375
2014-08-29,6696.4423828125
2014-09-01,6684.87158203125
2014-09-02,6655.94482421875
2014-09-03,6655.94482421875
2014-09-04,6681.97705078125
2014-09-05,6670.4072265625
2014-09-11,6647.26611328125
2014-09-12,6661.728515625
2014-09-15,6655.94482421875
2014-09-16,6655.94482421875
2014-09-17,6736.9384765625
2014-09-18,6736.9384765625
2014-09-19,6765.86474609375
2014-09-22,6702.2275390625
2014-09-23,6705.1181640625
2014-09-24,6710.90478515625
2014-09-25,6673.30078125
2014-09-26,6606.7705078125
2014-09-29,6528.6689453125
2014-09-30,6540.2412109375
2014-10-01,6436.10546875
2014-10-02,6363.7900390625
2014-10-06,6334.86328125
2014-10-07,6352.21728515625
2014-10-08,6395.609375
2014-10-10,6355.111328125
2014-10-13,6343.54052734375
2014-10-14,6352.21728515625
2014-10-15,6305.9345703125
2014-10-16,6326.1845703125
2014-10-17,6294.36572265625
2014-10-20,6349.32568359375
2014-10-21,6358.0048828125
2014-10-22,6430.3193359375
2014-10-23,6401.39404296875
2014-10-24,6369.5732421875
2014-10-27,6465.03173828125
2014-10-28,6412.96630859375
2014-10-29,6505.52783203125
2014-10-30,6447.6767578125
2014-10-31,6438.99755859375
2014-11-03,6389.82421875
2014-11-04,6323.29296875
2014-11-05,6381.14501953125
2014-11-06,6407.17724609375
2014-11-07,6398.4990234375
2014-11-10,6401.39404296875
2014-11-11,6389.82421875
2014-11-12,6418.7509765625
2014-11-13,6450.56689453125
2014-11-14,6401.39404296875
2014-11-17,6412.96630859375
2014-11-18,6485.2802734375
2014-11-19,6485.2802734375
2014-11-20,6465.03173828125
2014-11-21,6491.06689453125
2014-11-24,6609.66259765625
2014-11-25,6595.19970703125
2014-11-26,6572.05859375
2014-11-27,6493.96044921875
2014-11-28,6436.10546875
2014-12-01,6303.04296875
2014-12-02,6326.1845703125
2014-12-03,6343.54052734375
2014-12-04,6352.21728515625
2014-12-05,6395.609375
2014-12-08,6375.361328125
2014-12-09,6311.72119140625
2014-12-10,6207.5869140625
2014-12-11,6109.23779296875
2014-12-12,6115.0224609375
2014-12-15,6146.84326171875
2014-12-16,6109.23779296875
2014-12-17,6100.5595703125
2014-12-18,6100.5595703125
2014-12-19,6141.05859375
2014-12-22,6210.47998046875
2014-12-23,6253.87060546875
2014-12-24,6277.01123046875
2014-12-26,6268.33056640625
2014-12-29,6201.80078125
2014-12-30,6149.7333984375
2015-01-02,6103.453125
2015-01-05,6086.09716796875
2015-01-06,5987.7470703125
2015-01-07,5958.8203125
2015-01-08,6022.458984375
2015-01-09,6123.69970703125
2015-01-12,6097.66748046875
2015-01-13,6051.3857421875
2015-01-14,6034.029296875
2015-01-15,6048.49169921875
2015-01-16,5993.53271484375
2015-01-19,6062.95458984375
2015-01-20,6103.453125
2015-01-21,6115.0224609375
2015-01-22,6172.87744140625
2015-01-23,6216.26611328125
2015-01-26,6201.80078125
2015-01-27,6253.87060546875
2015-01-28,6279.90234375
2015-01-29,6259.63720703125
2015-01-30,6274.111328125
2015-02-02,6271.21630859375
2015-02-03,6355.18115234375
2015-02-04,6378.34375
2015-02-05,6326.2275390625
2015-02-06,6360.97216796875
2015-02-09,6311.751953125
2015-02-10,6332.017578125
2015-02-11,6334.9140625
2015-02-12,6326.2275390625
2015-02-13,6384.13525390625
2015-02-16,6413.0869140625
2015-02-17,6436.24951171875
2015-02-23,6447.83056640625
2015-02-24,6476.7822265625
2015-02-25,6497.05029296875
2015-02-26,6491.26171875
2015-02-27,6485.47021484375
2015-03-02,6444.93505859375
2015-03-03,6468.0966796875
2015-03-04,6456.51611328125
2015-03-05,6494.1552734375
2015-03-06,6485.47021484375
2015-03-09,6404.4013671875
2015-03-10,6369.65869140625
2015-03-11,6262.53173828125
2015-03-12,6265.42724609375
2015-03-13,6340.70654296875
2015-03-16,6317.54052734375
2015-03-17,6378.34375
2015-03-18,6378.34375
2015-03-19,6427.56396484375
2015-03-20,6387.02978515625
2015-03-23,6378.34375
2015-03-24,6392.8203125
2015-03-25,6369.65869140625
2015-03-26,6398.61083984375
2015-03-27,6366.76171875
2015-03-30,6387.02978515625
2015-03-31,6427.56396484375
2015-04-01,6398.61083984375
2015-04-02,6433.35498046875
2015-04-03,6462.3076171875
2015-04-06,6430.45947265625
2015-04-07,6491.26171875
2015-04-08,6540.47998046875
2015-04-09,6520.21484375
2015-04-10,6572.326171875
2015-04-13,6598.38720703125
2015-04-14,6731.5712890625
2015-04-15,6740.25341796875
2015-04-16,6821.32177734375
2015-04-17,6844.48681640625
2015-04-20,6821.32177734375
2015-04-21,6818.42822265625
2015-04-22,6774.99853515625
2015-04-23,6931.34423828125
2015-04-24,6928.44921875
2015-04-27,7003.72705078125
2015-04-28,6954.5078125
2015-04-29,6936.7509765625
2015-04-30,6907.15771484375
2015-05-04,6913.07568359375
2015-05-06,6910.1181640625
2015-05-07,6821.3359375
2015-05-08,6827.25537109375
2015-05-11,6842.052734375
2015-05-12,6842.052734375
2015-05-13,6889.3994140625
2015-05-14,6889.3994140625
2015-05-15,6818.376953125
2015-05-18,6806.5400390625
2015-05-19,6800.619140625
2015-05-20,6815.41796875
2015-05-21,6782.8642578125
2015-05-22,6918.9951171875
2015-05-26,6927.8740234375
2015-05-27,6779.90283203125
2015-05-28,6747.3525390625
2015-05-29,6762.1494140625
2015-06-01,6679.2880859375
2015-06-02,6626.01806640625
2015-06-03,6605.30322265625
2015-06-04,6525.40087890625
2015-06-05,6510.603515625
2015-06-08,6510.603515625
2015-06-09,6572.7509765625
2015-06-10,6587.5458984375
2015-06-11,6599.384765625
2015-06-12,6540.197265625
2015-06-15,6495.80712890625
2015-06-16,6448.4560546875
2015-06-17,6439.57861328125
2015-06-18,6448.4560546875
2015-06-19,6460.2939453125
2015-06-22,6481.01123046875
2015-06-23,6596.4248046875
2015-06-24,6658.5712890625
2015-06-25,6631.9384765625
2015-06-26,6614.1806640625
2015-06-29,6469.1708984375
2015-06-30,6566.8310546875
2015-07-01,6569.79150390625
2015-07-02,6554.994140625
2015-07-03,6599.384765625
2015-07-06,6427.74169921875
2015-07-07,6501.7255859375
2015-07-08,6409.9833984375
2015-07-09,6418.86328125
2015-07-10,6418.86328125
2015-07-13,6513.56298828125
2015-07-14,6513.56298828125
2015-07-15,6492.84619140625
2015-07-16,6448.4560546875
2015-07-17,6409.9833984375
2015-07-20,6389.26806640625
2015-07-21,6424.7822265625
2015-07-22,6374.47314453125
2015-07-23,6330.08154296875
2015-07-24,6214.6669921875
2015-07-27,6214.6669921875
2015-07-28,6253.1396484375
2015-07-29,6214.6669921875
2015-07-30,6282.732421875
2015-07-31,6377.43115234375
2015-08-03,6312.32666015625
2015-08-04,6365.59423828125
2015-08-05,6412.9423828125
2015-08-06,6433.658203125
2015-08-07,6386.31005859375
2015-08-10,6324.16455078125
2015-08-11,6256.09619140625
2015-08-12,6282.732421875
2015-08-13,6303.447265625
2015-08-17,6273.85400390625
2015-08-18,6291.61083984375
2015-08-19,6318.244140625
2015-08-20,6235.38037109375
2015-08-21,6108.130859375
2015-08-24,5954.2431640625
2015-08-25,5918.73095703125
2015-08-26,6066.6982421875
2015-08-27,6060.77978515625
2015-08-28,6134.7626953125
2015-08-31,6146.60205078125
2015-09-01,6096.2919921875
2015-09-02,6040.0634765625
2015-09-03,6022.3076171875
2015-09-04,5957.2021484375
2015-09-07,5957.2021484375
2015-09-08,5936.4853515625
2015-09-09,6119.96630859375
2015-09-10,6264.97509765625
2015-09-11,6196.9111328125
2015-09-14,6202.8291015625
2015-09-15,6235.38037109375
2015-09-16,6344.876953125
2015-09-17,6383.34912109375
2015-09-18,6324.16455078125
2015-09-21,6267.935546875
2015-09-22,6365.59423828125
2015-09-23,6253.1396484375
2015-09-24,6250.1796875
2015-09-30,6321.2041015625
2015-10-01,6365.59423828125
2015-10-02,6324.16455078125
2015-10-05,6350.798828125
2015-10-06,6362.63623046875
2015-10-07,6365.59423828125
2015-10-08,6392.2275390625
2015-10-12,6498.7646484375
2015-10-13,6495.80712890625
2015-10-14,6492.84619140625
2015-10-15,6540.197265625
2015-10-16,6516.521484375
2015-10-19,6540.197265625
2015-10-20,6543.1552734375
2015-10-21,6608.2626953125
2015-10-22,6522.43994140625
2015-10-23,6623.05859375
2015-10-26,6614.1806640625
2015-10-27,6584.58544921875
2015-10-28,6584.58544921875
2015-10-29,6537.23779296875
2015-10-30,6552.03564453125
2015-11-02,6534.2783203125
2015-11-03,6617.14111328125
2015-11-04,6658.5712890625
2015-11-05,6643.7744140625
2015-11-06,6549.07568359375
2015-11-09,6540.197265625
2015-11-10,6463.2529296875
2015-11-11,6436.61962890625
2015-11-12,6445.4970703125
2015-11-13,6409.9833984375
2015-11-16,6336.00048828125
2015-11-17,6356.71630859375
2015-11-18,6324.16455078125
2015-11-19,6383.34912109375
2015-11-20,6383.34912109375
2015-11-23,6380.39208984375
2015-11-24,6398.1484375
2015-11-25,6347.8359375
2015-11-26,6377.43115234375
2015-11-27,6398.1484375
2015-11-30,6321.2041015625
2015-12-01,6445.4970703125
2015-12-02,6392.2275390625
2015-12-03,6359.67626953125
2015-12-04,6327.12255859375
2015-12-07,6318.244140625
2015-12-08,6256.09619140625
2015-12-09,6270.89306640625
2015-12-10,6282.732421875
2015-12-11,6267.935546875
2015-12-14,6220.5859375
2015-12-15,6188.03369140625
2015-12-16,6324.16455078125
2015-12-17,6347.8359375
2015-12-18,6353.75732421875
2015-12-21,6407.02392578125
2015-12-22,6407.02392578125
2015-12-23,6439.57861328125
2015-12-24,6463.2529296875
2015-12-28,6374.47314453125
2015-12-29,6398.1484375
2015-12-30,6341.9189453125
2016-01-04,6193.94921875
2016-01-05,6256.09619140625
2016-01-06,6193.94921875
2016-01-07,6099.25244140625
2016-01-08,6173.23583984375
2016-01-11,6108.130859375
2016-01-12,6102.2109375
2016-01-13,6185.07421875
2016-01-14,6093.33203125
2016-01-15,5980.87646484375
2016-01-18,5998.63330078125
2016-01-19,5951.283203125
2016-01-20,5838.8271484375
2016-01-21,5850.6650390625
2016-01-22,5954.2431640625
2016-01-25,6034.146484375
2016-01-26,6019.34814453125
2016-01-27,6069.65869140625
2016-01-28,6197.03564453125
2016-01-29,6294.7900390625
2016-02-01,6327.37353515625
2016-02-02,6291.8271484375
2016-02-03,6182.2236328125
2016-02-04,6315.52197265625
2016-02-05,6401.4296875
2016-02-11,6238.505859375
2016-02-12,6185.18408203125
2016-02-15,6321.44873046875
2016-02-16,6404.3916015625
2016-02-17,6410.31494140625
2016-02-18,6475.48681640625
2016-02-19,6481.4091796875
2016-02-22,6472.52392578125
2016-02-23,6519.919921875
2016-02-24,6508.07177734375
2016-02-25,6519.919921875
2016-02-26,6531.76953125
2016-02-29,6496.22021484375
2016-03-02,6620.63671875
2016-03-03,6635.447265625
2016-03-04,6673.95703125
2016-03-07,6762.82470703125
2016-03-08,6748.013671875
2016-03-09,6721.35498046875
2016-03-10,6795.4091796875
2016-03-11,6777.634765625
2016-03-14,6768.74853515625
2016-03-15,6759.8623046875
2016-03-16,6753.9384765625
2016-03-17,6887.240234375
2016-03-18,6893.16357421875
2016-03-21,6866.50341796875
2016-03-22,6872.427734375
2016-03-23,6833.91845703125
2016-03-24,6780.59716796875
2016-03-25,6753.9384765625
2016-03-28,6765.78564453125
2016-03-29,6872.427734375
2016-03-30,6878.3525390625
2016-03-31,6905.01318359375
2016-04-01,6810.22021484375
2016-04-04,6748.013671875
2016-04-05,6759.8623046875
2016-04-06,6810.22021484375
2016-04-07,6842.8056640625
2016-04-08,6878.3525390625
2016-04-11,6910.9365234375
2016-04-12,6946.4833984375
2016-04-14,7168.65576171875
2016-04-15,7147.91796875
2016-04-18,7121.25732421875
2016-04-19,7162.7294921875
2016-04-20,7121.25732421875
2016-04-21,7216.05078125
2016-04-22,7251.59814453125
2016-04-25,7227.89599609375
2016-04-26,7195.31494140625
2016-04-27,7242.70947265625
2016-04-28,7224.333984375
2016-04-29,7227.3974609375
2016-05-02,7107.9599609375
2016-05-03,7120.21142578125
2016-05-04,7006.90087890625
2016-05-09,6960.96435546875
2016-05-10,7006.90087890625
2016-05-11,7013.02685546875
2016-05-12,6994.650390625
2016-05-13,6939.52685546875
2016-05-16,6982.4013671875
2016-05-17,6970.15185546875
2016-05-18,6936.4638671875
2016-05-19,6915.02880859375
2016-05-20,6890.52587890625
2016-05-23,6896.6533203125
2016-05-24,6826.21533203125
2016-05-25,6918.08984375
2016-05-26,6924.21484375
2016-05-27,6997.712890625
2016-05-30,6970.15185546875
2016-05-31,7025.27587890625
2016-06-01,7003.8388671875
2016-06-02,6933.40283203125
2016-06-03,6933.40283203125
2016-06-07,7025.27587890625
2016-06-08,7129.400390625
2016-06-09,7098.7763671875
2016-06-10,7120.21142578125
2016-06-13,7003.8388671875
2016-06-14,6933.40283203125
2016-06-15,6844.59130859375
2016-06-16,6774.1552734375
2016-06-17,6774.1552734375
2016-06-20,6875.21533203125
2016-06-21,6826.21533203125
2016-06-22,6896.6533203125
2016-06-23,6893.58984375
2016-06-24,6654.71923828125
2016-06-27,6633.2822265625
2016-06-28,6657.78271484375
2016-06-29,6771.091796875
2016-06-30,6768.03076171875
2016-07-01,6807.83984375
2016-07-04,6829.2783203125
2016-07-05,6777.21630859375
2016-07-06,6657.78271484375
2016-07-07,6700.65625
2016-07-08,6636.3447265625
2016-07-11,6761.9052734375
2016-07-12,6804.779296875
2016-07-13,6887.46630859375
2016-07-14,6878.2783203125
2016-07-15,6930.33837890625
2016-07-18,6933.40283203125
2016-07-19,6927.27587890625
2016-07-20,6927.27587890625
2016-07-21,6911.9638671875
2016-07-22,6960.96435546875
2016-07-25,7040.58544921875
2016-07-26,7111.02294921875
2016-07-27,7135.5234375
2016-07-28,7083.46240234375
2016-07-29,7098.7763671875
2016-08-01,7107.9599609375
2016-08-02,7052.83740234375
2016-08-03,6976.2763671875
2016-08-04,6985.462890625
2016-08-05,7040.58544921875
2016-08-08,7074.27392578125
2016-08-09,7135.5234375
2016-08-10,7156.96142578125
2016-08-11,7111.02294921875
2016-08-12,7123.275390625
2016-08-16,7132.458984375
2016-08-17,7065.08642578125
2016-08-18,7068.1494140625
2016-08-19,7034.46240234375
2016-08-22,6964.02685546875
2016-08-23,6985.462890625
2016-08-24,6991.587890625
2016-08-25,7040.58544921875
2016-08-26,7016.08935546875
2016-08-29,6997.712890625
2016-08-30,7052.83740234375
2016-08-31,7055.90087890625
2016-09-01,7086.5244140625
2016-09-02,7114.08642578125
2016-09-05,7227.3974609375
2016-09-06,7196.77099609375
2016-09-07,7254.9619140625
2016-09-08,7248.83544921875
2016-09-09,7245.7724609375
2016-09-12,7224.333984375
2016-09-13,7104.8974609375
2016-09-19,7107.9599609375
2016-09-20,7101.8359375
2016-09-21,7147.77392578125
2016-09-22,7135.5234375
2016-09-23,7181.46044921875
2016-09-26,7187.5849609375
2016-09-27,7258.02099609375
2016-09-28,7190.646484375
2016-09-29,7251.89892578125
2016-09-30,7175.3359375
2016-10-04,7205.96044921875
2016-10-05,7184.5224609375
2016-10-06,7163.0859375
2016-10-07,7098.7763671875
2016-10-10,7166.14697265625
2016-10-11,7233.5205078125
2016-10-12,7245.7724609375
2016-10-13,7138.5869140625
2016-10-14,7184.5224609375
2016-10-17,7224.333984375
2016-10-18,7334.5830078125
2016-10-19,7319.2705078125
2016-10-20,7328.45947265625
2016-10-21,7322.33349609375
2016-10-24,7420.3330078125
2016-10-25,7408.0810546875
2016-10-26,7294.7705078125
2016-10-27,7297.8359375
2016-10-28,7270.27197265625
2016-10-31,7261.083984375
2016-11-01,7254.9619140625
2016-11-02,7181.46044921875
2016-11-03,7160.0244140625
2016-11-04,7181.46044921875
2016-11-07,7233.5205078125
2016-11-08,7224.333984375
2016-11-09,7089.587890625
2016-11-10,7254.9619140625
2016-11-11,7300.8974609375
2016-11-14,7300.8974609375
2016-11-15,7254.9619140625
2016-11-16,7239.64599609375
2016-11-17,7202.89697265625
2016-11-18,7178.39794921875
2016-11-21,7160.0244140625
2016-11-22,7190.646484375
2016-11-23,7242.71044921875
2016-11-24,7242.71044921875
2016-11-25,7233.5205078125
2016-11-28,7199.8349609375
2016-11-29,7196.77099609375
2016-11-30,7132.458984375
2016-12-01,7153.89892578125
2016-12-02,7138.5869140625
2016-12-05,7123.275390625
2016-12-06,7181.46044921875
2016-12-07,7202.89697265625
2016-12-08,7365.208984375
2016-12-09,7349.89453125
2016-12-12,7380.5205078125
2016-12-13,7325.39599609375
2016-12-14,7340.70703125
2016-12-15,7343.7705078125
2016-12-16,7343.7705078125
2016-12-19,7334.5830078125
2016-12-20,7334.5830078125
2016-12-21,7319.2705078125
2016-12-22,7313.1455078125
2016-12-23,7340.70703125
2016-12-26,7380.5205078125
2016-12-27,7365.208984375
2016-12-28,7423.39453125
2016-12-29,7374.39501953125
2017-01-02,7398.89453125
2017-01-03,7429.5205078125
2017-01-04,7438.7099609375
2017-01-05,7411.14404296875
2017-01-06,7401.95849609375
2017-01-09,7362.14599609375
2017-01-10,7340.70703125
2017-01-11,7408.0810546875
2017-01-12,7441.7685546875
2017-01-13,7469.3310546875
2017-01-16,7496.89306640625
2017-01-17,7530.58154296875
2017-01-18,7552.01708984375
2017-01-19,7530.58154296875
2017-01-20,7503.01953125
2017-01-23,7441.7685546875
2017-01-24,7392.7705078125
2017-01-25,7362.14599609375
2017-01-26,7441.7685546875
2017-01-31,7398.89453125
2017-02-01,7435.646484375
2017-02-02,7362.14599609375
2017-02-03,7392.7705078125
2017-02-06,7435.646484375
2017-02-07,7463.205078125
2017-02-08,7444.83203125
2017-02-09,7499.95654296875
2017-02-10,7558.14208984375
2017-02-13,7591.8310546875
2017-02-14,7591.8310546875
2017-02-15,7619.3916015625
2017-02-16,7552.01708984375
2017-02-17,7570.390625
2017-02-20,7542.83251953125
2017-02-21,7610.2041015625
2017-02-22,7643.8916015625
2017-02-23,7640.82861328125
2017-02-24,7594.89501953125
2017-02-27,7576.51904296875
2017-02-28,7597.9560546875
2017-03-02,7613.26708984375
2017-03-03,7527.51806640625
2017-03-06,7481.5810546875
2017-03-07,7527.51806640625
2017-03-08,7558.14208984375
2017-03-09,7545.892578125
2017-03-10,7548.95751953125
2017-03-13,7656.14306640625
2017-03-14,7686.76611328125
2017-03-15,7720.4541015625
2017-03-16,7757.201171875
2017-03-17,7806.203125
2017-03-20,7812.3271484375
2017-03-21,7870.5126953125
2017-03-22,7803.13720703125
2017-03-23,7839.8916015625
2017-03-24,7852.14013671875
2017-03-27,7778.63916015625
2017-03-28,7787.8271484375
2017-03-29,7738.82958984375
2017-03-30,7754.1396484375
2017-03-31,7797.01318359375
2017-04-03,7803.13720703125
2017-04-04,7720.4541015625
2017-04-05,7695.9541015625
2017-04-06,7695.9541015625
2017-04-07,7702.07763671875
2017-04-10,7601.0166015625
2017-04-11,7594.89501953125
2017-04-12,7579.57958984375
2017-04-13,7671.4541015625
2017-04-14,7607.14111328125
2017-04-17,7659.205078125
2017-04-18,7686.76611328125
2017-04-19,7665.32861328125
2017-04-20,7708.203125
2017-04-21,7717.39306640625
2017-04-24,7793.951171875
2017-04-25,7928.70068359375
2017-04-26,7934.82421875
2017-04-27,7915.818359375
2017-04-28,7842.9658203125
2017-05-02,7925.32373046875
2017-05-04,7950.6630859375
2017-05-08,8077.3671875
2017-05-10,8017.18408203125
2017-05-11,8159.72412109375
2017-05-12,8137.55029296875
2017-05-15,8147.0546875
2017-05-16,8134.3828125
2017-05-17,8109.04541015625
2017-05-18,8118.54541015625
2017-05-19,8185.0634765625
2017-05-22,8235.7470703125
2017-05-23,8314.9365234375
2017-05-24,8314.9365234375
2017-05-25,8371.953125
2017-05-26,8384.625
2017-05-29,8375.1201171875
2017-05-30,8368.78515625
2017-05-31,8381.455078125
2017-06-01,8337.1103515625
2017-06-02,8387.7919921875
2017-06-05,8368.78515625
2017-06-07,8349.7802734375
2017-06-08,8365.6171875
2017-06-09,8466.9794921875
2017-06-12,8495.4912109375
2017-06-13,8492.3232421875
2017-06-14,8527.166015625
2017-06-15,8409.966796875
2017-06-16,8466.9794921875
2017-06-19,8451.140625
2017-06-20,8394.125
2017-06-21,8311.7705078125
2017-06-22,8381.455078125
2017-06-23,8413.1318359375
2017-06-26,8362.4482421875
2017-06-27,8368.78515625
2017-06-28,8444.8076171875
2017-06-29,8501.8251953125
2017-06-30,8533.501953125
2017-07-03,8638.0302734375
2017-07-04,8546.169921875
2017-07-05,8549.3388671875
2017-07-06,8508.1591796875
2017-07-07,8520.8310546875
2017-07-10,8546.169921875
2017-07-11,8619.025390625
2017-07-12,8558.841796875
2017-07-13,8600.0205078125
2017-07-14,8638.0302734375
2017-07-17,8710.8857421875
2017-07-18,8679.2109375
2017-07-19,8682.3779296875
2017-07-20,8761.5654296875
2017-07-21,8828.0869140625
2017-07-24,8894.6064453125
2017-07-25,8891.439453125
2017-07-26,9008.640625
2017-07-27,9040.314453125
2017-07-28,8980.1318359375
2017-07-31,8973.796875
2017-08-01,9103.66796875
2017-08-02,9062.486328125
2017-08-03,8976.9638671875
2017-08-04,9040.314453125
2017-08-07,9018.1416015625
2017-08-08,8973.796875
2017-08-09,8967.4609375
2017-08-10,8913.6103515625
2017-08-11,8783.7421875
2017-08-14,8847.0927734375
2017-08-16,8821.75
2017-08-17,8850.259765625
2017-08-18,8812.248046875
2017-08-21,8809.0810546875
2017-08-22,8837.5888671875
2017-08-23,8790.0771484375
2017-08-24,8812.248046875
2017-08-25,8897.7744140625
2017-08-28,8904.1083984375
2017-08-29,8888.2705078125
2017-08-30,8919.9462890625
2017-08-31,8818.5849609375
2017-09-01,8755.232421875
2017-09-04,8666.5400390625
2017-09-05,8517.6630859375
2017-09-06,8422.6337890625
2017-09-07,8546.169921875
2017-09-08,8473.3154296875
2017-09-11,8546.169921875
2017-09-12,8562.0087890625
2017-09-13,8527.166015625
2017-09-14,8508.1591796875
2017-09-15,8577.8447265625
2017-09-18,8634.8623046875
2017-09-19,8612.6904296875
2017-09-20,8612.6904296875
2017-09-21,8612.6904296875
2017-09-25,8504.9931640625
2017-09-26,8581.015625
2017-09-27,8552.5068359375
2017-09-28,8596.8515625
2017-09-29,8679.2109375
2017-10-10,8793.2431640625
2017-10-11,8733.05859375
2017-10-12,8812.248046875
2017-10-13,8866.0986328125
2017-10-16,8894.6064453125
2017-10-17,8840.755859375
2017-10-18,8824.919921875
2017-10-19,8891.439453125
2017-10-20,8897.7744140625
2017-10-23,8856.595703125
2017-10-24,8862.9306640625
2017-10-25,8904.1083984375
2017-10-26,8853.4267578125
2017-10-27,8897.7744140625
2017-10-30,8847.0927734375
2017-10-31,8821.75
2017-11-01,8824.919921875
2017-11-02,8809.0810546875
2017-11-03,8850.259765625
2017-11-06,8805.9130859375
2017-11-07,8783.7421875
2017-11-08,8786.908203125
2017-11-09,8799.578125
2017-11-10,8793.2431640625
2017-11-13,8733.05859375
2017-11-14,8710.8857421875
2017-11-15,8726.7216796875
2017-11-16,8796.4111328125
2017-11-17,8733.05859375
2017-11-20,8695.048828125
2017-11-21,8679.2109375
2017-11-22,8748.896484375
2017-11-23,8812.248046875
2017-11-24,8828.0869140625
2017-11-27,8856.595703125
2017-11-28,8843.9267578125
2017-11-29,8859.763671875
2017-11-30,8856.595703125
2017-12-01,8774.2373046875
2017-12-04,8866.0986328125
2017-12-05,8995.96875
2017-12-06,8948.4541015625
2017-12-07,8872.43359375
2017-12-08,8796.4111328125
2017-12-11,8828.0869140625
2017-12-12,8771.0693359375
2017-12-13,8904.1083984375
2017-12-14,8995.96875
2017-12-15,8989.634765625
2017-12-18,8961.1259765625
2017-12-19,8907.2763671875
2017-12-21,8916.7783203125
2017-12-22,8961.1259765625
2017-12-26,9040.314453125
2017-12-27,9087.83203125
2017-12-28,9090.99609375
2018-01-02,9040.314453125
2018-01-03,9011.8046875
2018-01-04,8948.4541015625
2018-01-05,9014.974609375
2018-01-08,9043.4833984375
2018-01-09,9125.841796875
2018-01-10,9236.7080078125
2018-01-11,9227.203125
2018-01-12,9243.041015625
2018-01-15,9246.2099609375
2018-01-16,9205.0302734375
2018-01-17,9208.197265625
2018-01-18,9135.3427734375
2018-01-19,9252.5439453125
2018-01-22,9249.3779296875
2018-01-23,9347.572265625
2018-01-24,9347.572265625
2018-01-25,9334.90234375
2018-01-26,9306.3935546875
2018-01-29,9458.4365234375
2018-01-30,9458.4365234375
2018-01-31,9448.93359375
2018-02-01,9455.2685546875
2018-02-02,9366.5751953125
2018-02-06,9052.9873046875
2018-02-07,8891.439453125
2018-02-08,8881.9365234375
2018-02-09,8701.384765625
2018-02-12,8771.0693359375
2018-02-13,8688.7109375
2018-02-14,8672.8740234375
2018-02-19,8869.2666015625
2018-02-20,8780.5732421875
2018-02-21,8869.2666015625
2018-02-22,8761.5654296875
2018-02-23,8904.1083984375
2018-02-26,8926.2822265625
2018-02-27,8847.0927734375
2018-02-28,8834.4208984375
2018-03-06,8574.6787109375
2018-03-07,8498.65625
2018-03-08,8476.484375
2018-03-09,8584.1806640625
2018-03-12,8755.232421875
2018-03-13,8653.8701171875
2018-03-14,8568.345703125
2018-03-15,8558.841796875
2018-03-16,8596.8515625
2018-03-19,8530.333984375
2018-03-20,8511.3251953125
2018-03-21,8523.998046875
2018-03-22,8625.361328125
2018-03-23,8375.1201171875
2018-03-26,8406.7978515625
2018-03-27,8457.4794921875
2018-03-28,8327.607421875
2018-03-29,8384.625
2018-03-30,8444.8076171875
2018-04-02,8419.46875
2018-04-03,8356.1171875
2018-04-04,8289.595703125
2018-04-05,8289.595703125
2018-04-06,8292.7646484375
2018-04-09,8261.0859375
2018-04-10,8324.4404296875
2018-04-11,8251.5859375
2018-04-12,8292.7646484375
2018-04-13,8289.595703125
2018-04-16,8292.7646484375
2018-04-17,8261.0859375
2018-04-18,8311.7705078125
2018-04-19,8327.607421875
2018-04-20,8368.78515625
2018-04-23,8485.9873046875
2018-04-24,8539.8349609375
2018-04-25,8504.9931640625
2018-04-26,8476.484375
2018-04-27,8489.6455078125
2018-04-30,8608.103515625
2018-05-02,8621.26953125
2018-05-03,8604.81640625
2018-05-04,8571.9111328125
2018-05-08,8525.8427734375
2018-05-09,8512.6787109375
2018-05-10,8575.19921875
2018-05-11,8598.2333984375
2018-05-14,8644.302734375
2018-05-15,8581.7783203125
2018-05-16,8552.1669921875
2018-05-17,8535.712890625
2018-05-18,8542.2958984375
2018-05-21,8558.7470703125
2018-05-23,8499.5205078125
2018-05-24,8423.833984375
2018-05-25,8348.1513671875
2018-05-28,8387.6376953125
2018-05-29,8321.8251953125
2018-05-30,8140.8466796875
2018-05-31,8183.62255859375
2018-06-01,8200.0771484375
2018-06-04,8325.1162109375
2018-06-05,8381.056640625
2018-06-07,8506.09765625
2018-06-08,8489.6455078125
2018-06-11,8627.8486328125
2018-06-12,8627.8486328125
2018-06-14,8509.388671875
2018-06-15,8466.609375
2018-06-18,8492.935546875
2018-06-19,8367.8955078125
2018-06-20,8364.6015625
2018-06-21,8170.46044921875
2018-06-22,8223.1103515625
2018-06-25,8259.3076171875
2018-06-26,8252.7255859375
2018-06-27,8193.4951171875
2018-06-28,8127.68359375
2018-06-29,8160.59033203125
2018-07-02,7976.31884765625
2018-07-03,7940.11962890625
2018-07-04,7940.11962890625
2018-07-05,7992.771484375
2018-07-06,8134.26611328125
2018-07-09,8190.203125
2018-07-10,8170.46044921875
2018-07-11,8134.26611328125
2018-07-12,8068.45361328125
2018-07-13,8147.42626953125
2018-07-16,8154.0107421875
2018-07-17,8104.65283203125
2018-07-18,8088.1962890625
2018-07-19,8045.419921875
2018-07-20,8078.32373046875
2018-07-23,8130.97705078125
2018-07-24,8134.26611328125
2018-07-25,8229.6923828125
2018-07-26,8219.8193359375
2018-07-27,8226.3994140625
2018-07-30,8279.0498046875
2018-07-31,8298.7939453125
2018-08-01,8325.1162109375
2018-08-02,8173.74951171875
2018-08-03,8216.52734375
2018-08-06,8318.5380859375
2018-08-07,8272.4658203125
2018-08-08,8242.853515625
2018-08-09,8232.982421875
2018-08-10,8269.1767578125
2018-08-13,8154.0107421875
2018-08-14,8203.365234375
2018-08-16,8186.91650390625
2018-08-17,8213.2373046875
2018-08-20,8209.94921875
2018-08-21,8183.62255859375
2018-08-22,8121.10302734375
2018-08-23,8167.1708984375
2018-08-24,8177.0419921875
2018-08-27,8167.1708984375
2018-08-28,8239.5634765625
2018-08-29,8219.8193359375
2018-08-30,8186.91650390625
2018-08-31,8223.1103515625
2018-09-03,8216.52734375
2018-09-04,8180.33203125
2018-09-05,8114.5224609375
2018-09-06,8098.0693359375
2018-09-07,8127.68359375
2018-09-10,8190.203125
2018-09-11,8242.853515625
2018-09-12,8249.4345703125
2018-09-13,8311.9560546875
2018-09-14,8374.4775390625
2018-09-17,8315.24609375
2018-09-18,8285.6337890625
2018-09-19,8272.4658203125
2018-09-20,8308.6640625
2018-09-21,8404.0927734375
2018-09-27,8575.19921875
2018-09-28,8641.01171875
2018-10-01,8713.4033203125
2018-10-02,8611.3994140625
2018-10-04,8598.2333984375
2018-10-05,8601.5244140625
2018-10-08,8522.5517578125
2018-10-10,8515.96875
2018-10-11,8190.203125
2018-10-12,8190.203125
2018-10-15,8246.14453125
2018-10-16,8190.203125
2018-10-17,8315.24609375
2018-10-18,8305.3720703125
2018-10-19,8262.595703125
2018-10-22,8387.6376953125
2018-10-23,8206.65625
2018-10-24,8242.853515625
2018-10-25,8249.4345703125
2018-10-26,8127.68359375
2018-10-29,8038.84033203125
2018-10-30,7907.21484375
2018-10-31,8028.96630859375
2018-11-01,7880.89404296875
2018-11-02,8022.384765625
2018-11-05,7969.7353515625
2018-11-06,8048.708984375
2018-11-07,8045.419921875
2018-11-08,8121.10302734375
2018-11-09,8134.26611328125
2018-11-12,8232.982421875
2018-11-13,8219.8193359375
2018-11-14,8160.59033203125
2018-11-15,8163.880859375
2018-11-16,8226.3994140625
2018-11-19,8249.4345703125
2018-11-20,8308.6640625
2018-11-21,8279.0498046875
2018-11-22,8292.2138671875
2018-11-23,8213.2373046875
2018-11-26,8236.2734375
2018-11-27,8256.0166015625
2018-11-28,8200.0771484375
2018-11-29,8223.1103515625
2018-11-30,8223.1103515625
2018-12-03,8279.0498046875
2018-12-04,8272.4658203125
2018-12-05,8305.3720703125
2018-12-06,8226.3994140625
2018-12-07,8186.91650390625
2018-12-10,8127.68359375
2018-12-11,8130.97705078125
2018-12-12,8186.91650390625
2018-12-13,8239.5634765625
2018-12-14,8295.5009765625
2018-12-17,8200.0771484375
2018-12-18,8163.880859375
2018-12-19,8186.91650390625
2018-12-20,8190.203125
2018-12-21,8229.6923828125
2018-12-24,8200.0771484375
2018-12-26,8094.77783203125
2018-12-27,8186.91650390625
2018-12-28,8193.4951171875
2019-01-02,7989.48193359375
2019-01-03,7903.92578125
2019-01-04,7903.92578125
2019-01-07,7973.02685546875
2019-01-09,8045.419921875
2019-01-10,8042.12744140625
2019-01-11,8051.99951171875
2019-01-14,8051.99951171875
2019-01-15,8150.7197265625
2019-01-16,8200.0771484375
2019-01-17,8229.6923828125
2019-01-18,8279.0498046875
2019-01-21,8285.6337890625
2019-01-22,8275.7578125
2019-01-23,8269.1767578125
2019-01-24,8351.4423828125
2019-01-25,8433.70703125
2019-01-28,8397.5107421875
2019-01-29,8377.767578125
2019-01-30,8443.578125
2019-01-31,8532.421875
2019-02-01,8535.712890625
2019-02-07,8552.1669921875
2019-02-08,8502.806640625
2019-02-11,8489.6455078125
2019-02-12,8499.5205078125
2019-02-13,8545.5849609375
2019-02-14,8608.103515625
2019-02-15,8562.0390625
2019-02-18,8621.26953125
2019-02-19,8578.4912109375
2019-02-20,8627.8486328125
2019-02-21,8621.26953125
2019-02-22,8601.5244140625
2019-02-25,8634.4296875
2019-02-26,8575.19921875
2019-02-27,8601.5244140625
2019-02-28,8562.0390625
2019-03-04,8509.388671875
2019-03-05,8499.5205078125
2019-03-06,8492.935546875
2019-03-07,8453.4501953125
2019-03-08,8308.6640625
2019-03-11,8348.1513671875
2019-03-12,8400.798828125
2019-03-13,8358.021484375
2019-03-14,8453.4501953125
2019-03-15,8594.943359375
2019-03-18,8611.3994140625
2019-03-19,8581.7783203125
2019-03-20,8578.4912109375
2019-03-21,8506.09765625
2019-03-22,8469.9033203125
2019-03-25,8367.8955078125
2019-03-26,8381.056640625
2019-03-27,8377.767578125
2019-03-28,8354.7333984375
2019-03-29,8394.21875
2019-04-01,8552.1669921875
2019-04-02,8601.5244140625
2019-04-03,8627.8486328125
2019-04-04,8657.4658203125
2019-04-05,8680.4970703125
2019-04-08,8660.7548828125
2019-04-09,8608.103515625
2019-04-10,8654.1728515625
2019-04-11,8641.01171875
2019-04-12,8673.916015625
2019-04-15,8713.4033203125
2019-04-16,8696.9521484375
2019-04-17,8673.916015625
2019-04-18,8581.7783203125
2019-04-19,8555.455078125
2019-04-22,8542.2958984375
2019-04-23,8604.81640625
2019-04-24,8598.2333984375
2019-04-25,8581.7783203125
2019-04-26,8440.287109375
2019-04-29,8584.44921875
2019-04-30,8532.9609375
2019-05-02,8556.9873046875
2019-05-03,8498.63671875
2019-05-07,8443.71875
2019-05-08,8426.5556640625
2019-05-09,8237.775390625
2019-05-10,8285.828125
2019-05-13,8162.263671875
2019-05-14,8100.47900390625
2019-05-15,8172.5576171875
2019-05-16,8117.6396484375
2019-05-17,8107.34228515625
2019-05-20,8121.0732421875
2019-05-21,8151.96484375
2019-05-22,8148.53515625
2019-05-23,8131.373046875
2019-05-24,8141.66796875
2019-05-27,8124.5078125
2019-05-28,8110.775390625
2019-05-29,8007.7998046875
2019-05-30,8093.615234375
2019-05-31,8114.20703125
2019-06-03,8145.09765625
2019-06-04,8182.85595703125
2019-06-05,8134.802734375
2019-06-07,8141.66796875
2019-06-10,8237.775390625
2019-06-11,8254.9365234375
2019-06-12,8272.0986328125
2019-06-13,8261.7998046875
2019-06-14,8244.6396484375
2019-06-17,8230.9091796875
2019-06-18,8196.5859375
2019-06-19,8244.6396484375
2019-06-20,8254.9365234375
2019-06-21,8237.775390625
2019-06-24,8289.2626953125
2019-06-25,8261.7998046875
2019-06-26,8285.828125
2019-06-27,8327.017578125
2019-06-28,8254.9365234375
2019-07-01,8272.0986328125
2019-07-02,8289.2626953125
2019-07-03,8165.6943359375
2019-07-04,8272.0986328125
2019-07-05,8265.2353515625
2019-07-08,8121.0732421875
2019-07-09,8048.99072265625
2019-07-10,8059.28955078125
2019-07-11,8127.9375
2019-07-12,8148.53515625
2019-07-15,8162.263671875
2019-07-16,8141.66796875
2019-07-17,8138.234375
2019-07-18,8086.75048828125
2019-07-19,8155.3974609375
2019-07-22,8162.263671875
2019-07-23,8234.3408203125
2019-07-24,8179.4228515625
2019-07-25,8079.88427734375
2019-07-26,8038.69677734375
2019-07-29,7963.1826171875
2019-07-30,7956.3193359375
2019-07-31,7983.7763671875
2019-08-01,7966.61328125
2019-08-02,7815.59033203125
2019-08-05,7678.29248046875
2019-08-06,7623.3759765625
2019-08-07,7523.833984375
2019-08-08,7578.75390625
2019-08-09,7578.75390625
2019-08-12,7516.97216796875
2019-08-13,7424.2939453125
2019-08-14,7444.8896484375
2019-08-16,7389.97265625
2019-08-19,7516.97216796875
2019-08-20,7537.56494140625
2019-08-21,7571.88818359375
2019-08-22,7565.0244140625
2019-08-23,7540.9970703125
2019-08-26,7448.3232421875
2019-08-27,7427.7265625
2019-08-28,7472.34716796875
2019-08-29,7496.3759765625
2019-08-30,7643.96875
2019-09-02,7667.9931640625
2019-09-03,7619.9423828125
2019-09-04,7667.9931640625
2019-09-05,7712.61669921875
2019-09-06,7726.34765625
2019-09-09,7784.697265625
2019-09-10,7932.29150390625
2019-09-11,7987.208984375
2019-09-16,8117.6396484375
2019-09-17,8103.912109375
2019-09-18,8076.45166015625
2019-09-19,8014.669921875
2019-09-20,8121.0732421875
2019-09-23,8083.31787109375
2019-09-24,8062.72216796875
2019-09-25,8028.39794921875
2019-09-26,8045.55908203125
2019-09-27,7928.85986328125
2019-09-30,8011.236328125
2019-10-01,8018.10205078125
2019-10-02,7901.39892578125
2019-10-04,7839.6162109375
2019-10-07,7815.59033203125
2019-10-08,7825.8837890625
2019-10-10,7753.80615234375
2019-10-11,7853.341796875
2019-10-14,7973.4814453125
2019-10-15,7946.02099609375
2019-10-16,7921.99267578125
2019-10-17,7949.45263671875
2019-10-18,7894.53466796875
2019-10-21,7966.61328125
2019-10-22,8045.55908203125
2019-10-23,7994.072265625
2019-10-24,8048.99072265625
2019-10-25,7997.50390625
2019-10-28,7952.8857421875
2019-10-29,7939.15576171875
2019-10-30,7880.80419921875
2019-10-31,7860.2119140625
2019-11-01,7843.048828125
2019-11-04,7952.8857421875
2019-11-05,8011.236328125
2019-11-06,7952.8857421875
2019-11-07,8007.7998046875
2019-11-08,8045.55908203125
2019-11-11,8062.72216796875
2019-11-12,8069.58642578125
2019-11-13,7970.0478515625
2019-11-14,7987.208984375
2019-11-15,8059.28955078125
2019-11-18,8052.42529296875
2019-11-19,8062.72216796875
2019-11-20,8052.42529296875
2019-11-21,7963.1826171875
2019-11-22,7911.69384765625
2019-11-25,8004.373046875
2019-11-26,8024.96484375
2019-11-27,8031.83056640625
2019-11-28,8011.236328125
2019-11-29,7911.69384765625
2019-12-02,7921.99267578125
2019-12-03,7880.80419921875
2019-12-04,7853.341796875
2019-12-05,7880.80419921875
2019-12-06,7877.37255859375
2019-12-09,7911.69384765625
2019-12-10,7932.29150390625
2019-12-11,7942.58837890625
2019-12-12,8079.88427734375
2019-12-13,8151.96484375
2019-12-16,8114.20703125
2019-12-17,8117.6396484375
2019-12-18,8182.85595703125
2019-12-19,8203.451171875
2019-12-20,8224.0439453125
2019-12-23,8268.666015625
2019-12-24,8237.775390625
2019-12-26,8251.5048828125
2019-12-27,8337.3154296875
2019-12-30,8327.017578125
2020-01-02,8158.83203125
2020-01-03,8145.09765625
2020-01-06,8018.10205078125
2020-01-07,8038.69677734375
2020-01-08,7870.5068359375
2020-01-09,7901.39892578125
2020-01-10,7915.12841796875
2020-01-13,7911.69384765625
2020-01-14,8000.939453125
2020-01-15,8038.69677734375
2020-01-16,8014.669921875
2020-01-17,7987.208984375
2020-01-20,7990.6435546875
2020-01-21,7976.912109375
2020-01-22,7983.7763671875
2020-01-23,7904.82958984375
2020-01-28,7626.80810546875
2020-01-29,7643.96875
2020-01-30,7599.345703125
2020-01-31,7551.294921875
2020-02-03,7441.45703125
2020-02-04,7438.02685546875
2020-02-05,7489.51123046875
2020-02-06,7729.77880859375
2020-02-07,7664.564453125
2020-02-10,7606.21337890625
2020-02-11,7626.80810546875
2020-02-12,7681.724609375
2020-02-13,7595.91455078125
2020-02-14,7537.56494140625
2020-02-17,7465.48291015625
2020-02-18,7410.56494140625
2020-02-19,7365.943359375
2020-02-20,7314.45703125
2020-02-21,7184.02734375
2020-02-24,6919.7314453125
2020-02-25,6991.81103515625
2020-02-26,6984.9453125
2020-02-27,6991.81103515625
2020-02-28,6820.19287109375
2020-03-02,6775.57080078125
2020-03-03,6779.001953125
2020-03-04,6844.2158203125
2020-03-05,6888.83935546875
2020-03-06,6734.38232421875
2020-03-09,6473.51806640625
2020-03-10,6463.220703125
2020-03-11,6363.681640625
2020-03-12,6068.4931640625
2020-03-13,5787.03759765625
2020-03-16,5646.30810546875
2020-03-17,5426.6357421875
2020-03-18,5152.0419921875
2020-03-19,4582.26220703125
2020-03-20,4952.96142578125
2020-03-23,4589.12841796875
2020-03-24,4908.3408203125
2020-03-25,5378.57958984375
2020-03-26,5378.57958984375
2020-03-27,5563.93017578125
2020-03-30,5529.607421875
2020-03-31,5594.82275390625
2020-04-01,5375.14697265625
2020-04-02,5543.3369140625
2020-04-03,5505.57861328125
2020-04-06,5680.63232421875
2020-04-07,5790.46875
2020-04-08,5752.71337890625
2020-04-09,5835.09130859375
2020-04-10,6034.16943359375
2020-04-13,5938.06396484375
2020-04-14,6027.30419921875
2020-04-16,5938.06396484375
2020-04-17,6034.16943359375
2020-04-20,6030.73779296875
2020-04-21,5955.22412109375
2020-04-22,5965.521484375
2020-04-23,6030.73779296875
2020-04-24,5955.22412109375
2020-04-27,6192.060546875
2020-04-28,6221.0302734375
2020-04-29,6358.6298828125
2020-05-04,6137.74365234375
2020-05-06,6181.19775390625
2020-05-07,6195.68212890625
2020-05-08,6224.6494140625
2020-05-11,6148.6083984375
2020-05-12,6043.59521484375
2020-05-13,6068.9443359375
2020-05-14,5989.28125
2020-05-15,6036.353515625
2020-05-18,6043.59521484375
2020-05-19,6231.892578125
2020-05-20,6213.787109375
2020-05-21,6249.99853515625
2020-05-22,6137.74365234375
2020-05-25,6195.68212890625
2020-05-26,6355.01025390625
2020-05-27,6412.94580078125
2020-05-28,6412.94580078125
2020-05-29,6376.736328125
2020-06-01,6514.3369140625
2020-06-02,6699.01220703125
2020-06-03,6963.3515625
2020-06-04,6861.96240234375
2020-06-05,6909.0390625
2020-06-08,6927.1416015625
2020-06-09,6861.96240234375
2020-06-10,6811.265625
2020-06-11,6608.4853515625
2020-06-12,6438.29541015625
2020-06-15,6130.50390625
2020-06-16,6460.02099609375
2020-06-17,6387.5986328125
2020-06-18,6351.38818359375
2020-06-22,6286.2109375
2020-06-23,6257.2412109375
2020-06-24,6286.2109375
2020-06-25,6112.39599609375
2020-06-26,6166.71337890625
2020-06-29,6050.8388671875
2020-06-30,6094.2919921875
2020-07-01,6119.6396484375
2020-07-02,6199.3037109375
2020-07-06,6278.96728515625
2020-07-07,6224.6494140625
2020-07-08,6221.0302734375
2020-07-09,6184.81982421875
2020-07-10,6058.08203125
2020-07-13,6184.81982421875
2020-07-14,6188.439453125
2020-07-15,6260.86181640625
2020-07-16,6293.451171875
2020-07-17,6289.83154296875
2020-07-20,6344.14697265625
2020-07-21,6431.05224609375
2020-07-22,6409.32666015625
2020-07-23,6307.935546875
2020-07-24,6253.6201171875
2020-07-27,6293.451171875
2020-07-28,6318.7998046875
2020-07-29,6373.11669921875
2020-07-30,6412.94580078125
2020-07-31,6336.90478515625
2020-08-03,6253.6201171875
2020-08-04,6344.14697265625
2020-08-05,6340.52685546875
2020-08-06,6423.81103515625
2020-08-07,6387.5986328125
2020-08-10,6539.68505859375
2020-08-11,6709.87744140625
2020-08-12,6861.96240234375
2020-08-13,6927.1416015625
2020-08-14,6822.130859375
2020-08-18,6561.41259765625
2020-08-19,6626.59130859375
2020-08-20,6362.25146484375
2020-08-21,6434.6728515625
2020-08-24,6441.91552734375
2020-08-25,6608.4853515625
2020-08-26,6532.44287109375
2020-08-27,6438.29541015625
2020-08-28,6488.98974609375
2020-08-31,6460.02099609375
2020-09-01,6521.58154296875
2020-09-02,6557.79052734375
2020-09-03,6579.5166015625
2020-09-04,6507.0927734375
2020-09-07,6691.7705078125
2020-09-08,6608.4853515625
2020-09-09,6543.306640625
2020-09-10,6579.5166015625
2020-09-11,6619.349609375
2020-09-14,6684.5302734375
2020-09-15,6662.80322265625
2020-09-16,6630.212890625
2020-09-17,6579.5166015625
2020-09-18,6583.13818359375
2020-09-21,6565.0322265625
2020-09-22,6452.779296875
2020-09-23,6420.1904296875
2020-09-24,6293.451171875
2020-09-25,6355.01025390625
2020-09-28,6434.6728515625
2020-09-29,6499.85400390625
2020-10-05,6612.107421875
2020-10-06,6568.65283203125
2020-10-07,6615.72802734375
2020-10-08,6670.044921875
2020-10-12,6713.5
2020-10-13,6684.5302734375
2020-10-14,6626.59130859375
2020-10-15,6644.69677734375
2020-10-16,6633.8330078125
2020-10-19,6764.19287109375
2020-10-20,6767.814453125
2020-10-21,6858.341796875
2020-10-22,6945.2490234375
2020-10-23,7071.9873046875
2020-10-26,6952.4892578125
2020-10-27,6861.96240234375
2020-10-28,6905.416015625
2020-10-29,6822.130859375
2020-10-30,6695.39111328125
2020-11-02,6854.72021484375
2020-11-03,6938.0029296875
2020-11-04,6847.47900390625
2020-11-05,6963.3515625
2020-11-06,6963.3515625
2020-11-09,7043.01708984375
2020-11-10,7231.31298828125
2020-11-11,7415.9892578125
2020-11-12,7329.0810546875
2020-11-13,7263.904296875
2020-11-16,7408.7470703125
2020-11-17,7415.9892578125
2020-11-18,7412.3681640625
2020-11-19,7394.26220703125
2020-11-20,7434.09423828125
2020-11-23,7517.3798828125
2020-11-24,7571.69677734375
2020-11-25,7575.318359375
2020-11-26,7575.318359375
2020-11-27,7542.72802734375
2020-11-30,7354.43212890625
2020-12-01,7455.8193359375
2020-12-02,7524.6220703125
2020-12-03,7528.24267578125
2020-12-04,7654.97998046875
2020-12-07,7582.56005859375
2020-12-08,7502.89599609375
2020-12-09,7568.07568359375
2020-12-10,7669.4658203125
2020-12-11,7861.3837890625
2020-12-14,7781.7197265625
2020-12-15,7749.12841796875
2020-12-16,7807.06884765625
2020-12-17,7759.99072265625
2020-12-18,7741.88671875
2020-12-21,7778.09765625
2020-12-22,7698.4326171875
2020-12-23,7687.57177734375
2020-12-24,7788.96337890625
2020-12-28,7814.310546875
2020-12-29,7785.34033203125
2020-12-30,7770.85546875
2021-01-04,7662.22509765625
2021-01-05,7770.85546875
2021-01-06,7810.6884765625
2021-01-07,8049.68017578125
2021-01-08,8071.40576171875
2021-01-11,7944.66845703125
2021-01-12,7930.18310546875
2021-01-13,8060.5439453125
2021-01-14,8060.5439453125
2021-01-15,7951.91064453125
2021-01-18,7770.85546875
2021-01-19,7857.7626953125
2021-01-20,7854.1396484375
2021-01-21,7893.97412109375
2021-01-22,7814.310546875
2021-01-25,7875.8681640625
2021-01-26,7759.99072265625
2021-01-27,7691.19189453125
2021-01-28,7560.83251953125
2021-01-29,7401.50537109375
2021-02-01,7575.318359375
2021-02-02,7622.39111328125
2021-02-03,7647.73779296875
2021-02-04,7651.359375
2021-02-05,7749.12841796875
2021-02-08,7901.21484375
2021-02-09,7865.00341796875
2021-02-10,7893.97412109375
2021-02-15,7919.318359375
2021-02-16,7944.66845703125
2021-02-17,7984.50048828125
2021-02-18,7904.83447265625
2021-02-19,7904.83447265625
2021-02-22,7926.56396484375
2021-02-23,7988.11962890625
2021-02-24,7854.1396484375
2021-02-25,8017.0888671875
2021-02-26,7897.5947265625
2021-03-02,7980.8798828125
2021-03-03,8111.23681640625
2021-03-04,8114.859375
2021-03-05,8125.72314453125
2021-03-08,8288.6708984375
2021-03-09,8393.68359375
2021-03-10,8310.3984375
2021-03-11,8364.712890625
2021-03-12,8404.544921875
2021-03-15,8487.8310546875
2021-03-16,8509.556640625
2021-03-17,8480.5888671875
2021-03-18,8487.8310546875
2021-03-19,8487.8310546875
2021-03-22,8516.80078125
2021-03-23,8411.7890625
2021-03-24,8357.47265625
2021-03-25,8451.6201171875
2021-03-26,8578.3603515625
2021-03-29,8618.1875
2021-03-30,8643.537109375
2021-03-31,8781.1396484375
2021-04-01,8690.61328125
2021-04-02,8625.4306640625
2021-04-05,8661.6435546875
2021-04-06,8668.8857421875
2021-04-07,8744.927734375
2021-04-08,8741.306640625
2021-04-09,8697.8564453125
2021-04-12,8723.19921875
2021-04-13,8744.927734375
2021-04-14,8766.6533203125
2021-04-15,8849.939453125
2021-04-16,8828.212890625
2021-04-19,8846.3193359375
2021-04-20,8965.81640625
2021-04-21,8871.666015625
2021-04-22,8965.81640625
2021-04-23,9041.857421875
2021-04-26,9183.078125
2021-04-27,9284.4697265625
2021-04-28,9313.44140625
2021-04-29,9180.931640625
2021-04-30,9279.3662109375
2021-05-03,9177.14453125
2021-05-04,9150.642578125
2021-05-06,9525.4541015625
2021-05-07,9612.53125
2021-05-10,9745.037109375
2021-05-11,9824.54296875
2021-05-12,9620.099609375
2021-05-13,9695.822265625
2021-05-14,9673.103515625
2021-05-17,9502.73828125
2021-05-18,9623.88671875
2021-05-20,9502.73828125
2021-05-21,9362.658203125
2021-05-24,9449.7333984375
2021-05-25,9502.73828125
2021-05-26,9529.23828125
2021-05-27,9506.5224609375
2021-05-28,9593.599609375
2021-05-31,9620.099609375
2021-06-01,9680.67578125
2021-06-02,9718.5361328125
2021-06-03,9688.248046875
2021-06-04,9661.7470703125
2021-06-07,9695.822265625
2021-06-08,9699.60546875
2021-06-09,9612.53125
2021-06-10,9533.0283203125
2021-06-11,9540.5986328125
2021-06-14,9468.6669921875
2021-06-15,9472.451171875
2021-06-16,9612.53125
2021-06-17,9589.8115234375
2021-06-18,9521.66796875
2021-06-21,9332.369140625
2021-06-22,9449.7333984375
2021-06-23,9404.2998046875
2021-06-24,9464.8779296875
2021-06-25,9654.17578125
2021-06-28,9722.32421875
2021-06-29,9623.88671875
2021-06-30,9601.169921875
2021-07-01,9510.30859375
2021-07-02,9548.169921875
2021-07-05,9536.8125
2021-07-06,9567.099609375
2021-07-07,9464.8779296875
2021-07-08,9400.5146484375
2021-07-09,9222.5771484375
2021-07-12,9355.0869140625
2021-07-13,9468.6669921875
2021-07-14,9400.5146484375
2021-07-15,9461.0908203125
2021-07-16,9464.8779296875
2021-07-19,9396.7294921875
2021-07-20,9313.4375
2021-07-21,9309.6533203125
2021-07-22,9457.3037109375
2021-07-23,9495.1630859375
2021-07-26,9415.662109375
2021-07-27,9430.802734375
2021-07-28,9502.73828125
2021-07-29,9548.169921875
2021-07-30,9457.3037109375
2021-08-02,9445.9482421875
2021-08-03,9423.2314453125
2021-08-04,9540.5986328125
2021-08-05,9525.4541015625
2021-08-06,9491.376953125
2021-08-09,9491.376953125
2021-08-10,9445.9482421875
2021-08-11,9514.09375
2021-08-12,9540.5986328125
2021-08-13,9495.1630859375
2021-08-17,9427.0166015625
2021-08-18,9449.7333984375
2021-08-19,9177.14453125
2021-08-20,9021.91796875
2021-08-23,9158.2158203125
2021-08-24,9362.658203125
2021-08-25,9464.8779296875
2021-08-26,9487.5927734375
2021-08-27,9506.5224609375
2021-08-30,9472.451171875
2021-08-31,9540.5986328125
2021-09-01,9601.169921875
2021-09-02,9604.95703125
2021-09-03,9578.455078125
2021-09-06,9582.2412109375
2021-09-07,9559.5263671875
2021-09-08,9582.2412109375
2021-09-09,9464.8779296875
2021-09-10,9555.7421875
2021-09-13,9586.029296875
2021-09-14,9684.4609375
2021-09-15,9680.67578125
2021-09-16,9665.5322265625
2021-09-17,9593.599609375
2021-09-23,9555.7421875
2021-09-24,9586.029296875
2021-09-27,9635.244140625
2021-09-28,9745.037109375
2021-09-29,9680.67578125
2021-09-30,9779.111328125
2021-10-01,9726.107421875
2021-10-05,9710.9619140625
2021-10-06,9650.3896484375
2021-10-07,9710.9619140625
2021-10-08,9616.3125
2021-10-12,9578.455078125
2021-10-13,9631.458984375
2021-10-14,9631.458984375
2021-10-15,9729.8955078125
2021-10-18,9767.7548828125
2021-10-19,9790.4697265625
2021-10-20,9847.2587890625
2021-10-21,9900.2626953125
2021-10-22,9858.615234375
2021-10-25,9957.05078125
2021-10-26,9957.05078125
2021-10-27,9922.9775390625
2021-10-28,9733.6806640625
2021-10-29,9639.03125
2021-11-01,9680.67578125
2021-11-02,9733.6806640625
2021-11-03,9620.099609375
2021-11-04,9654.17578125
2021-11-05,9529.23828125
2021-11-08,9563.3125
2021-11-09,9544.384765625
2021-11-10,9457.3037109375
2021-11-11,9392.9462890625
2021-11-12,9525.4541015625
2021-11-15,9586.029296875
2021-11-16,9593.599609375
2021-11-17,9445.9482421875
2021-11-18,9423.2314453125
2021-11-19,9389.158203125
2021-11-22,9415.662109375
2021-11-23,9427.0166015625
2021-11-24,9476.234375
2021-11-25,9408.0869140625
2021-11-26,9230.1484375
2021-11-29,9112.7822265625
2021-11-30,8870.4814453125
2021-12-01,8972.7060546875
2021-12-02,9124.1416015625
2021-12-03,9305.8662109375
2021-12-06,9377.8017578125
2021-12-07,9419.4453125
2021-12-08,9430.802734375
2021-12-09,9445.9482421875
2021-12-10,9453.51953125
2021-12-13,9483.8076171875
2021-12-14,9453.51953125
2021-12-15,9434.5908203125
2021-12-16,9427.0166015625
2021-12-17,9612.53125
2021-12-20,9476.234375
2021-12-21,9517.880859375
2021-12-22,9495.1630859375
2021-12-23,9487.5927734375
2021-12-24,9533.0283203125
2021-12-27,9510.30859375
2021-12-28,9529.23828125
2021-12-29,9555.7421875
2021-12-30,9468.6669921875
2022-01-04,9544.384765625
2022-01-05,9642.8193359375
2022-01-06,9563.3125
2022-01-07,9657.962890625
2022-01-10,9835.90234375
2022-01-11,9820.7568359375
2022-01-12,9930.552734375
2022-01-13,9953.265625
2022-01-14,9900.2626953125
2022-01-17,9722.32421875
2022-01-18,9676.890625
2022-01-19,9745.037109375
2022-01-20,9642.8193359375
2022-01-21,9646.6025390625
2022-01-24,9487.5927734375
2022-01-25,9237.720703125
2022-01-26,9362.658203125
2022-01-27,9165.7861328125
2022-01-28,9309.6533203125
2022-02-03,9464.8779296875
2022-02-04,9597.3876953125
2022-02-07,9604.95703125
2022-02-08,9623.88671875
2022-02-09,9881.3330078125
2022-02-10,9907.8349609375
2022-02-11,9957.05078125
2022-02-15,9714.748046875
2022-02-16,9798.041015625
2022-02-17,9862.4033203125
2022-02-18,9892.6904296875
2022-02-21,9828.330078125
2022-02-22,9703.3916015625
2022-02-23,9763.96875
2022-02-24,9635.244140625
2022-02-25,9582.2412109375
2022-02-28,9680.67578125
2022-03-02,9536.8125
2022-03-03,9676.890625
2022-03-04,9665.5322265625
2022-03-07,9453.51953125
2022-03-08,9404.2998046875
2022-03-10,9411.8740234375
2022-03-11,9525.4541015625
2022-03-14,9574.669921875
2022-03-15,9544.384765625
2022-03-16,9597.3876953125
2022-03-17,9654.17578125
2022-03-18,9692.03515625
2022-03-21,9673.103515625
2022-03-22,9820.7568359375
2022-03-23,9957.05078125
2022-03-24,9953.265625
2022-03-25,9934.337890625
2022-03-28,10021.412109375
2022-03-29,10010.0546875
2022-03-30,9960.837890625
2022-03-31,10093.34765625
2022-04-01,10078.2021484375
2022-04-04,10134.990234375
2022-04-05,10025.1982421875
2022-04-06,10097.1328125
2022-04-07,10002.4833984375
2022-04-08,9998.697265625
2022-04-11,10100.9169921875
2022-04-12,10047.9150390625
2022-04-13,10070.62890625
2022-04-14,10097.1328125
2022-04-15,10021.412109375
2022-04-18,9994.912109375
2022-04-19,10108.490234375
2022-04-20,10116.05859375
2022-04-21,10172.849609375
2022-04-22,10218.2822265625
2022-04-25,10100.9169921875
2022-04-26,10051.7001953125
2022-04-27,10081.9873046875
2022-04-28,9998.203125
2022-04-29,10010.1748046875
2022-05-03,9974.265625
2022-05-04,10054.060546875
2022-05-06,9998.203125
2022-05-10,9826.6484375
2022-05-11,9651.095703125
2022-05-12,9683.0185546875
2022-05-13,9870.533203125
2022-05-16,9886.4912109375
2022-05-17,9918.4072265625
2022-05-18,9862.5537109375
2022-05-19,9734.8818359375
2022-05-20,9842.603515625
2022-05-23,9874.51953125
2022-05-24,9846.59375
2022-05-25,9902.44921875
2022-05-26,9910.427734375
2022-05-27,10046.0830078125
2022-05-30,10077.9970703125
2022-05-31,10109.9150390625
2022-06-02,9998.203125
2022-06-03,10026.1298828125
2022-06-07,9938.3564453125
2022-06-08,9954.3173828125
2022-06-09,9922.3994140625
2022-06-10,9922.3994140625
2022-06-13,9782.7587890625
2022-06-14,9639.1298828125
2022-06-15,9503.478515625
2022-06-16,9483.5322265625
2022-06-17,9351.8701171875
2022-06-20,9184.3037109375
2022-06-21,9236.1708984375
2022-06-22,9016.7333984375
2022-06-23,8869.119140625
2022-06-24,9028.7041015625
2022-06-27,9040.671875
2022-06-28,9096.529296875
2022-06-29,9008.7568359375
2022-06-30,8920.984375
2022-07-01,8952.900390625
2022-07-04,8869.119140625
2022-07-05,8932.953125
2022-07-06,8609.7880859375
2022-07-07,8613.77734375
2022-07-08,8705.5390625
2022-07-11,8657.6640625
2022-07-12,8589.8388671875
2022-07-13,8557.919921875
2022-07-14,8506.052734375
2022-07-15,8390.3525390625
2022-07-18,8633.724609375
2022-07-19,8633.724609375
2022-07-20,8737.458984375
2022-07-21,8813.2626953125
2022-07-22,8749.423828125
2022-07-25,8765.38671875
2022-07-26,8761.396484375
2022-07-27,8805.283203125
2022-07-28,8849.169921875
2022-07-29,8944.921875
2022-08-01,8901.033203125
2022-08-02,8829.220703125
2022-08-03,8849.169921875
2022-08-04,8853.1572265625
2022-08-05,8964.8701171875
2022-08-08,9016.7333984375
2022-08-09,9040.671875
2022-08-10,9024.71484375
2022-08-11,9128.4462890625
2022-08-12,9184.3037109375
2022-08-16,9156.3759765625
2022-08-17,9164.3544921875
2022-08-18,9096.529296875
2022-08-19,9136.4267578125
2022-08-22,9076.58203125
2022-08-23,9004.7646484375
2022-08-24,9072.5908203125
2022-08-25,9136.4267578125
2022-08-26,9136.4267578125
2022-08-29,9012.7470703125
2022-08-30,9084.5625
2022-08-31,9088.5517578125
2022-09-01,8924.97265625
2022-09-02,8928.9638671875
2022-09-05,8992.796875
2022-09-06,8972.8505859375
2022-09-07,8825.2314453125
2022-09-08,8833.208984375
2022-09-13,9036.681640625
2022-09-14,8909.015625
2022-09-15,8909.015625
2022-09-16,8853.1572265625
2022-09-19,8829.220703125
2022-09-20,8940.931640625
2022-09-21,8916.99609375
2022-09-22,8913.00390625
2022-09-23,8924.97265625
2022-09-26,8681.599609375
2022-09-27,8589.8388671875
2022-09-28,8442.2197265625
2022-09-29,8458.177734375
2022-09-30,8374.39453125
2022-10-04,8541.9609375
2022-10-05,8577.869140625
2022-10-06,8569.8896484375
2022-10-07,8641.705078125
2022-10-11,8494.0830078125
2022-10-12,8545.94921875
2022-10-13,8502.0634765625
2022-10-14,8685.5908203125
2022-10-17,8685.5908203125
2022-10-18,8805.283203125
2022-10-19,8829.220703125
2022-10-20,8765.38671875
2022-10-21,8713.5205078125
2022-10-24,8661.6533203125
2022-10-25,8617.7646484375
2022-10-26,8565.8984375
2022-10-27,8785.33203125
2022-10-28,8853.1572265625
2022-10-31,8817.2529296875
2022-11-01,8853.1572265625
2022-11-02,8881.0869140625
2022-11-03,8845.181640625
2022-11-04,8873.1064453125
2022-11-07,8964.8701171875
2022-11-08,8980.8291015625
2022-11-09,9056.630859375
2022-11-10,9016.7333984375
2022-11-11,9096.529296875
2022-11-14,9156.3759765625
2022-11-15,9124.4580078125
2022-11-16,9176.3232421875
2022-11-17,9092.5400390625
2022-11-18,9124.4580078125
2022-11-21,9208.2431640625
2022-11-22,9192.283203125
2022-11-23,9256.119140625
2022-11-24,9343.8916015625
2022-11-25,9371.8193359375
2022-11-28,9272.078125
2022-11-29,9407.7265625
2022-11-30,9555.345703125
2022-12-01,9619.1806640625
2022-12-02,9495.5009765625
2022-12-05,9455.60546875
2022-12-06,9371.8193359375
2022-12-07,9351.8701171875
2022-12-08,9343.8916015625
2022-12-09,9495.5009765625
2022-12-12,9531.4072265625
2022-12-13,9543.376953125
2022-12-14,9503.478515625
2022-12-15,9435.65625
2022-12-16,9423.685546875
2022-12-19,9439.64453125
2022-12-20,9463.5830078125
2022-12-21,9499.4892578125
2022-12-22,9523.427734375
2022-12-23,9519.4375
2022-12-26,9503.478515625
2022-12-27,9511.4580078125
2022-12-28,9455.60546875
2022-12-29,9252.12890625
2023-01-02,9016.7333984375
2023-01-03,9044.6640625
2023-01-04,9160.365234375
2023-01-05,9375.8095703125
2023-01-06,9551.3564453125
2023-01-09,9579.2861328125
2023-01-10,9635.140625
2023-01-11,9571.3046875
2023-01-12,9619.1806640625
2023-01-13,9762.8095703125
2023-01-16,9954.3173828125
2023-01-17,9958.306640625
2023-01-18,9902.44921875
2023-01-19,9982.24609375
2023-01-20,10070.017578125
2023-01-25,10109.9150390625
2023-01-26,10145.822265625
2023-01-27,10205.6669921875
2023-01-30,9998.203125
2023-01-31,9906.4384765625
2023-02-01,9902.44921875
2023-02-02,9798.71875
2023-02-03,9822.6572265625
2023-02-06,9726.904296875
2023-02-07,9698.9775390625
2023-02-08,9882.501953125
2023-02-09,9750.837890625
2023-02-10,9842.603515625
2023-02-13,9922.3994140625
2023-02-14,9802.70703125
2023-02-15,9611.2021484375
2023-02-16,9603.2236328125
2023-02-17,9698.9775390625
2023-02-20,9722.9140625
2023-02-21,9774.78125
2023-02-22,9647.1083984375
2023-02-23,9714.9345703125
2023-02-24,9694.9873046875
2023-02-27,9714.9345703125
2023-02-28,9734.8818359375
2023-03-02,9734.8818359375
2023-03-03,9635.140625
2023-03-06,9615.19140625
2023-03-07,9659.078125
2023-03-08,9555.345703125
2023-03-09,9611.2021484375
2023-03-10,9471.5625
2023-03-13,9499.4892578125
2023-03-14,9240.158203125
2023-03-15,9347.880859375
2023-03-16,9168.341796875
2023-03-17,9240.158203125
2023-03-20,9232.1806640625
2023-03-21,9343.8916015625
2023-03-22,9331.921875
2023-03-23,9315.9658203125
2023-03-24,9204.2509765625
2023-03-27,9208.2431640625
2023-03-28,9315.9658203125
2023-03-29,9403.736328125
2023-03-30,9367.8271484375
2023-03-31,9495.5009765625
2023-04-03,9467.5712890625
2023-04-04,9471.5625
2023-04-05,9483.5322265625
2023-04-06,9367.8271484375
2023-04-07,9423.685546875
2023-04-10,9439.64453125
2023-04-11,9539.3857421875
2023-04-12,9603.2236328125
2023-04-13,9619.1806640625
2023-04-14,9770.7919921875
2023-04-17,9782.7587890625
2023-04-18,9770.7919921875
2023-04-19,9858.5654296875
2023-04-20,9882.501953125
2023-04-21,9794.7275390625
2023-04-24,9734.8818359375
2023-04-25,9774.78125
2023-04-26,9659.078125
2023-04-27,9565.673828125
2023-04-28,9616.619140625
2023-05-02,9663.326171875
2023-05-03,9586.90234375
2023-05-04,9625.11328125
2023-05-08,9684.552734375
2023-05-09,9697.2890625
2023-05-10,9654.8330078125
2023-05-11,9714.2734375
2023-05-12,9603.8828125
2023-05-15,9620.8662109375
2023-05-16,9578.41015625
2023-05-17,9574.1650390625
2023-05-19,9654.8330078125
2023-05-22,9710.0263671875
2023-05-23,9735.5
2023-05-25,9701.537109375
2023-05-26,9608.12890625
2023-05-30,9616.619140625
2023-05-31,9569.9189453125
2023-06-01,9531.705078125
2023-06-02,9603.8828125
2023-06-05,9735.5
2023-06-07,9743.9931640625
2023-06-08,9743.9931640625
2023-06-09,9782.205078125
2023-06-12,9727.0078125
2023-06-13,9684.552734375
2023-06-14,9612.3759765625
2023-06-15,9557.1787109375
2023-06-16,9578.41015625
2023-06-19,9586.90234375
2023-06-20,9561.4267578125
2023-06-21,9510.4765625
2023-06-22,9586.90234375
2023-06-23,9472.2646484375
2023-06-26,9510.4765625
2023-06-27,9535.953125
2023-06-28,9574.1650390625
2023-06-29,9468.0185546875
2023-06-30,9561.4267578125
2023-07-07,9170.818359375
2023-07-10,9276.9609375
2023-07-14,9489.2490234375
2023-07-17,9446.79296875
2023-07-19,9374.6123046875
2023-07-20,9383.1064453125
2023-07-21,9412.82421875
2023-07-24,9357.62890625
2023-07-26,9319.41796875
2023-07-28,9485.001953125
2023-08-03,9510.4765625
2023-08-04,9603.8828125
2023-08-07,9646.341796875
2023-08-08,9671.814453125
2023-08-09,9586.90234375
2023-08-10,9586.90234375
2023-08-11,9612.3759765625
2023-08-14,9642.09375
2023-08-16,9518.966796875
2023-08-17,9510.4765625
2023-08-18,9493.4951171875
2023-08-21,9510.4765625
2023-08-22,9501.986328125
2023-08-23,9548.689453125
2023-08-24,9544.4423828125
2023-08-25,9582.6533203125
2023-08-28,9659.078125
2023-08-29,9735.5
2023-08-30,9701.537109375
2023-08-31,9731.2568359375
2023-09-01,9739.74609375
2023-09-04,9765.2216796875
2023-09-05,9769.4677734375
2023-09-06,9794.94140625
2023-09-07,9786.4521484375
2023-09-08,9930.806640625
2023-09-11,10036.94921875
2023-09-12,9973.263671875
2023-09-13,10045.44140625
2023-09-14,10109.126953125
2023-09-15,10278.9580078125
2023-09-18,10321.416015625
2023-09-19,10312.923828125
2023-09-20,10295.9423828125
2023-09-21,10240.7490234375
2023-09-22,10253.484375
2023-09-25,10215.2724609375
2023-09-26,10070.9169921875
2023-09-27,10083.6533203125
2023-10-04,9875.61328125
2023-10-05,9828.908203125
2023-10-06,9964.7685546875
2023-10-10,10117.6220703125
2023-10-11,10096.390625
2023-10-12,10104.8798828125
2023-10-13,10147.337890625
2023-10-16,10177.0615234375
2023-10-17,10151.5869140625
2023-10-18,10270.4638671875
2023-10-19,10160.076171875
2023-10-20,10092.1455078125
2023-10-23,9930.806640625
2023-10-24,9935.0498046875
2023-10-25,10002.984375
2023-10-26,9884.10546875
2023-10-27,9845.8916015625
2023-10-30,9760.9755859375
2023-10-31,9773.7138671875
2023-11-01,9837.3994140625
2023-11-02,9773.7138671875
2023-11-03,9862.873046875
2023-11-06,10019.966796875
2023-11-07,9969.015625
2023-11-08,9943.5439453125
2023-11-09,9998.7392578125
2023-11-10,10019.966796875
2023-11-13,10058.1796875
2023-11-14,10147.337890625
2023-11-15,10194.04296875
2023-11-16,10189.798828125
2023-11-17,10198.2900390625
2023-11-20,10232.2548828125
2023-11-21,10274.712890625
2023-11-22,10295.9423828125
2023-11-23,10321.416015625
2023-11-24,10325.66015625
2023-11-27,10346.890625
2023-11-28,10351.1357421875
2023-11-29,10253.484375
2023-11-30,10278.9580078125
2023-12-01,10253.484375
2023-12-04,10261.9736328125
2023-12-05,10266.220703125
2023-12-06,10317.1708984375
2023-12-07,10283.205078125
2023-12-08,10287.44921875
2023-12-11,10283.205078125
2023-12-12,10325.66015625
2023-12-13,10312.923828125
2023-12-14,10312.923828125
2023-12-15,10368.1162109375
2023-12-18,10291.693359375
2023-12-19,10257.728515625
2023-12-20,10376.607421875
2023-12-21,10368.1162109375
2023-12-22,10376.607421875
2023-12-26,10385.1025390625
2023-12-27,10393.59375
2023-12-28,10546.439453125
2024-01-02,10448.787109375
2024-01-03,10334.154296875
2024-01-04,10228.0068359375
2024-01-05,10177.0615234375
2024-01-08,10130.353515625
2024-01-09,10198.2900390625
2024-01-10,10168.5712890625
2024-01-11,10189.798828125
2024-01-12,10117.6220703125
2024-01-15,10236.4990234375
2024-01-16,10164.3203125
2024-01-17,10045.44140625
2024-01-19,10002.984375
2024-01-22,10049.6884765625
2024-01-23,10151.5869140625
2024-01-24,10219.5146484375
2024-01-25,10342.6435546875
2024-01-26,10393.59375
2024-01-29,10720.5166015625
2024-01-30,10754.4814453125
2024-01-31,10958.2783203125
2024-02-01,11497.490234375
2024-02-02,11824.4091796875
2024-02-05,11735.2490234375
2024-02-06,11510.224609375
2024-02-07,11739.4970703125
2024-02-08,11828.65625
2024-02-13,11803.1806640625
2024-02-14,11603.6337890625
2024-02-15,11518.7177734375
2024-02-16,11828.65625
2024-02-19,12113.12109375
2024-02-20,11934.7978515625
2024-02-21,11875.357421875
2024-02-22,11875.357421875
2024-02-23,12032.4501953125
2024-02-26,11684.296875
2024-02-27,11616.37109375
2024-02-28,11807.42578125
2024-02-29,12002.732421875
2024-03-04,12168.3154296875
2024-03-05,12104.62890625
2024-03-06,12121.61328125
2024-03-07,12198.0341796875
2024-03-08,12223.5126953125
2024-03-11,12117.3662109375
2024-03-12,12117.3662109375
2024-03-13,12312.671875
2024-03-14,12648.08203125
2024-03-15,12554.6796875
2024-03-18,12397.5869140625
2024-03-19,12210.7705078125
2024-03-20,12287.19921875
2024-03-21,12541.9423828125
2024-03-22,12550.4345703125
2024-03-25,12401.8310546875
2024-03-26,12414.568359375
2024-03-27,12181.0537109375
2024-03-28,12240.4931640625
2024-03-29,12096.13671875
2024-04-01,11896.5888671875
2024-04-02,11879.6064453125
2024-04-03,11773.462890625
2024-04-04,11913.5703125
2024-04-05,11854.1337890625
2024-04-08,11956.029296875
2024-04-09,11934.7978515625
2024-04-11,11709.7763671875
2024-04-12,11370.1162109375
2024-04-15,11497.490234375
2024-04-16,11412.57421875
2024-04-17,11285.2001953125
2024-04-18,11378.607421875
2024-04-19,11327.6552734375
2024-04-22,11807.42578125
2024-04-23,11964.51953125
2024-04-24,11892.3427734375
2024-04-25,11964.51953125
2024-04-26,12325.4091796875
2024-04-29,12329.884765625
2024-04-30,12303.0244140625
2024-05-02,12092.5986328125
2024-05-03,12097.078125
2024-05-07,12191.0966796875
2024-05-08,12338.8388671875
2024-05-09,12240.341796875
2024-05-10,12414.953125
2024-05-13,12500.015625
2024-05-14,12486.5830078125
2024-05-16,12714.916015625
2024-05-17,12611.9404296875
2024-05-20,12737.30078125
2024-05-21,12674.6220703125
2024-05-22,12553.73828125
2024-05-23,12531.35546875
2024-05-24,12374.65625
2024-05-27,12405.9951171875
2024-05-28,12401.5185546875
2024-05-29,12401.5185546875
2024-05-30,12323.263671875
2024-05-31,12503.1650390625
2024-06-03,12741.533203125
2024-06-04,12521.154296875
2024-06-05,12561.6318359375
2024-06-07,12566.12890625
2024-06-10,12557.1357421875
2024-06-11,12561.6318359375
2024-06-12,12611.1015625
2024-06-13,12692.0595703125
2024-06-14,12719.0458984375
2024-06-17,12705.5517578125
2024-06-18,12786.5087890625
2024-06-19,12889.9521484375
2024-06-20,13078.84765625
2024-06-21,13141.814453125
2024-06-24,13123.82421875
2024-06-25,13186.7900390625
2024-06-26,13191.287109375
2024-06-27,13207.5458984375
2024-06-28,13465.015625
2024-07-01,13334.0234375
2024-07-02,13455.9775390625
2024-07-03,13492.1162109375
2024-07-04,13663.7626953125
2024-07-05,13731.513671875
2024-07-08,13532.7705078125
2024-07-09,13392.7431640625
2024-07-10,13501.1494140625
2024-07-11,13650.20703125
2024-07-12,13568.9072265625
2024-07-15,13514.6982421875
2024-07-16,13586.9716796875
2024-07-17,13586.9716796875
2024-07-18,13695.3779296875
2024-07-19,13636.658203125
2024-07-22,13641.1767578125
2024-07-23,13663.7626953125
2024-07-24,13609.5556640625
2024-07-25,13455.9775390625
2024-07-26,13781.201171875
2024-07-29,13975.4296875
2024-07-30,13910.1201171875
2024-07-31,14041.64453125
2024-08-01,14109.6787109375
2024-08-02,13710.5595703125
2024-08-05,12880.5791015625
2024-08-06,13071.06640625
2024-08-07,13388.5458984375
2024-08-08,13470.1826171875
2024-08-09,13606.2451171875
2024-08-12,13642.5302734375
2024-08-13,13796.7333984375
2024-08-14,13751.3798828125
2024-08-16,13728.7041015625
2024-08-19,13969.0791015625
2024-08-20,14223.0615234375
2024-08-21,14272.94921875
2024-08-22,14259.3447265625
2024-08-23,14363.66015625
2024-08-26,14558.681640625
2024-08-28,14109.6787109375
2024-08-29,14062.3193359375
2024-08-30,14030.4404296875
2024-09-02,14098.74609375
2024-09-03,14249.02734375
2024-09-04,14021.3349609375
2024-09-05,14007.669921875
2024-09-06,13962.1318359375
2024-09-09,13766.31640625
2024-09-10,13811.8544921875
2024-09-11,13447.546875
2024-09-12,13570.501953125
2024-09-13,13880.162109375
2024-09-19,13934.80859375
2024-09-20,13912.0419921875
2024-09-23,13830.0703125
2024-09-24,13857.39453125
2024-09-25,13456.65234375
2024-09-26,13729.8837890625
2024-09-27,13728.0556640625
2024-09-30,13586.2939453125
2024-10-02,13439.958984375
2024-10-04,13490.263671875
2024-10-07,13686.8994140625
2024-10-08,13581.720703125
2024-10-10,13691.474609375
2024-10-11,13691.474609375
2024-10-14,13888.1103515625
2024-10-15,13888.1103515625
2024-10-16,13933.83984375
2024-10-17,13892.6826171875
2024-10-18,13910.9755859375
2024-10-21,13869.818359375
2024-10-22,13961.2763671875
2024-10-23,13938.4130859375
2024-10-24,13897.2568359375
2024-10-25,14130.4765625
2024-10-28,13947.560546875
2024-10-29,13979.5703125
2024-10-31,13738.9541015625
2024-11-01,13830.7900390625
2024-11-04,13784.873046875
2024-11-06,13945.58984375
2024-11-07,13908.8544921875
2024-11-08,13918.041015625
2024-11-11,13982.326171875
2024-11-12,13835.384765625
2024-11-13,13688.4443359375
2024-11-14,13706.8115234375
2024-11-15,13582.830078125
2024-11-18,13766.5087890625
2024-11-19,13812.427734375
2024-11-20,13977.732421875
2024-11-21,14083.345703125
2024-11-22,14188.9609375
2024-11-25,14188.9609375
2024-11-26,14152.2255859375
2024-11-27,14372.6328125
2024-11-28,14449.16796875
2024-11-29,14393.8427734375
2024-12-02,14467.6103515625
2024-12-03,14873.3330078125
2024-12-04,14476.83203125
2024-12-05,13988.1240234375
2024-12-06,13988.1240234375
2024-12-09,13540.91015625
2024-12-10,13702.27734375
2024-12-11,13877.47265625
2024-12-12,14020.3984375
2024-12-13,13960.4609375
2024-12-16,13831.369140625
2024-12-17,13725.3271484375
2024-12-18,13799.0966796875
2024-12-19,13633.1181640625
2024-12-20,13467.1435546875
2024-12-23,13743.767578125
2024-12-24,13748.380859375
2024-12-26,13665.3935546875
2024-12-27,13492.2275390625
2024-12-30,13344.05859375
2025-01-02,13330.1708984375
2025-01-03,13293.130859375
2025-01-06,13320.9111328125
2025-01-07,13371.84375
2025-01-08,13404.2529296875
2025-01-09,13501.486328125
2025-01-10,13520.0029296875
2025-01-13,13538.525390625
2025-01-14,13459.814453125
2025-01-15,13515.375
2025-01-16,13533.89453125
2025-01-17,13501.486328125
2025-01-20,13496.8564453125
2025-01-21,13520.0029296875
2025-01-22,13580.1982421875
2025-01-23,13561.6767578125
2025-01-24,13578.416015625
2025-01-31,13852.7744140625
2025-02-03,13694.6689453125
2025-02-04,13778.3720703125
2025-02-05,13783.0244140625
2025-02-06,13759.76953125
2025-02-07,13685.3720703125
2025-02-10,13638.8681640625
2025-02-11,13634.216796875
2025-02-12,13671.419921875
2025-02-13,13666.7734375
2025-02-14,13806.2734375
2025-02-17,13959.7294921875
2025-02-18,13992.2783203125
2025-02-19,14048.08203125
2025-02-20,14062.0302734375
2025-02-21,13996.927734375
2025-02-24,14089.9326171875
2025-02-25,13969.029296875
2025-02-26,14001.5810546875
2025-02-27,14009.0537109375
2025-02-28,13742.8798828125
2025-03-04,13654.1552734375
2025-03-05,13644.81640625
2025-03-06,13826.9326171875
2025-03-07,13654.1552734375
2025-03-10,13775.5673828125
2025-03-11,13649.4853515625
2025-03-12,13742.8798828125
2025-03-13,13756.8876953125
2025-03-14,13714.8623046875
2025-03-17,13868.9619140625
2025-03-18,13962.353515625
2025-03-19,14051.0771484375
2025-03-20,14060.419921875
2025-03-21,14037.068359375
2025-03-24,14079.0986328125
2025-03-25,14088.4365234375
2025-03-26,14051.0771484375
2025-03-27,13981.03515625
2025-03-28,13955.7119140625
2025-03-31,13758.755859375
2025-04-01,13894.748046875
2025-04-02,13852.54296875
2025-04-03,13707.171875
2025-04-04,13674.3447265625
2025-04-07,13144.4423828125
2025-04-08,13041.2734375
2025-04-09,12891.212890625
2025-04-10,13341.3984375
2025-04-11,13346.0869140625
2025-04-14,13430.4951171875
2025-04-15,13622.76171875
2025-04-16,13669.6572265625
2025-04-17,13702.4833984375
2025-04-18,13819.7197265625
2025-04-21,13993.2265625
2025-04-22,14058.8798828125
2025-04-23,14171.4228515625
2025-04-24,14208.9404296875
2025-04-25,14246.4541015625
2025-04-28,14213.630859375
2025-04-29,14400.10546875
2025-04-30,14607.302734375
2025-05-02,14663.8076171875
2025-05-07,14739.1513671875
2025-05-08,14706.1904296875
2025-05-09,14748.572265625
2025-05-12,14927.5146484375
2025-05-13,14984.0205078125
2025-05-14,15068.7822265625
2025-05-15,15002.857421875
2025-05-16,15068.7822265625
2025-05-19,14984.0205078125
2025-05-20,15134.708984375
2025-05-21,15214.7626953125
2025-05-22,15158.25390625
2025-05-23,15294.814453125
2025-05-26,15530.2646484375
2025-05-27,15577.3544921875
2025-05-28,15728.0419921875
2025-05-29,16322.0888671875
2025-05-30,16265.3310546875
2025-06-02,16061.9580078125
2025-06-04,16747.759765625
2025-06-05,16804.517578125
2025-06-09,17140.32421875
2025-06-10,17093.025390625
2025-06-11,17234.916015625
2025-06-12,17230.185546875
2025-06-13,17234.916015625
2025-06-16,17542.345703125
2025-06-17,17443.021484375
2025-06-18,17357.88671875
2025-06-19,17343.697265625
2025-06-20,17438.287109375
2025-06-23,17424.103515625
2025-06-24,17873.419921875
2025-06-25,18095.712890625
2025-06-26,17939.638671875
2025-06-27,17861.767578125
2025-06-30,18023.19921875
2025-07-01,18232.10546875
2025-07-02,18274.837890625
2025-07-03,18422.02734375
2025-07-04,18151.396484375
2025-07-07,18346.0625
2025-07-08,18963.291015625
2025-07-09,19290.90234375
2025-07-10,19561.537109375
2025-07-11,19689.728515625
2025-07-14,20306.9609375
2025-07-15,20178.765625
2025-07-16,19623.2578125
2025-07-17,19737.20703125
2025-07-18,19471.3203125
2025-07-21,19324.138671875
2025-07-22,19324.138671875
2025-07-23,19428.595703125
2025-07-24,19248.166015625
2025-07-25,19219.681640625
2025-07-28,18545.474609375
2025-07-29,18730.64453125
2025-07-30,18876.509765625
2025-07-31,18685.833984375
2025-08-01,17999.41796875
2025-08-04,18247.29296875
2025-08-05,18457.029296875
2025-08-06,18619.099609375
2025-08-07,18647.69921875
2025-08-08,18666.771484375
2025-08-11,18509.466796875
2025-08-12,18638.16796875
2025-08-13,18600.037109375
2025-08-14,18600.037109375
2025-08-18,18409.36328125
2025-08-19,18352.16015625
2025-08-20,18361.69140625
2025-08-21,18414.126953125
2025-08-22,18385.525390625
2025-08-25,18499.931640625
2025-08-26,18409.36328125
2025-08-27,18428.42578125
2025-08-28,18694.53515625
2025-08-29,18579.671875
2025-09-01,18560.525390625
2025-09-02,18555.73828125
2025-09-03,18555.73828125
2025-09-04,18522.240234375
2025-09-05,18550.953125
2025-09-08,18546.1640625
2025-09-09,18761.54296875
2025-09-10,19163.57421875
2025-09-11,19130.072265625
2025-09-12,19201.865234375
2025-09-15,19355.017578125
2025-09-16,19249.720703125
2025-09-17,19067.8515625
2025-09-18,19187.505859375
2025-09-19,19096.56640625
2025-09-22,19125.28515625
2025-09-23,19091.78515625
2025-09-24,18943.41015625
2025-09-25,18881.1953125
2025-09-26,18708.892578125
2025-09-29,18884.765625
2025-09-30,18759.828125
2025-10-01,18644.501953125
2025-10-02,18793.46875
2025-10-10,18538.787109375
2025-10-13,18447.486328125
2025-10-14,18457.095703125
2025-10-15,18793.46875
2025-10-16,19009.705078125
2025-10-17,18841.5234375
2025-10-20,19206.71875
2025-10-21,19173.08203125
2025-10-22,19370.1015625
2025-10-23,19254.775390625
2025-10-24,19298.0234375
2025-10-27,19422.9609375
2025-10-28,19355.6875
2025-10-29,19293.216796875
2025-10-30,19151.390625
2025-10-31,19262.34765625
2025-11-03,19339.52734375
2025-11-04,19257.51953125
2025-11-05,19146.568359375
2025-11-06,19730.2734375
2025-11-07,19546.958984375
2025-11-10,20328.455078125
2025-11-11,20289.861328125
2025-11-12,20810.85546875
2025-11-13,20820.50390625
2025-11-14,20439.408203125
2025-11-17,20338.103515625
2025-11-18,19807.45703125
2025-11-19,19971.474609375
2025-11-20,19990.76953125
2025-11-21,19855.69921875
2025-11-24,19836.400390625
2025-11-25,19812.28125
2025-11-26,20116.193359375
2025-11-27,20167.5234375
2025-11-28,20167.5234375
2025-12-01,20206.259765625
2025-12-02,20608.158203125
2025-12-03,20700.16015625
2025-12-04,20719.529296875
2025-12-05,20932.580078125
2025-12-08,20874.4765625
2025-12-09,20782.47265625
2025-12-10,20632.3671875
2025-12-11,20709.84375
2025-12-12,20947.107421875
2025-12-15,20864.7890625
2025-12-16,20680.791015625
2025-12-17,20675.94921875
2025-12-18,20462.896484375
2025-12-19,20574.26171875
2025-12-22,20792.16015625
2025-12-23,20787.318359375
2025-12-24,20830.896484375
2025-12-26,20680.791015625
2025-12-29,20678.84765625
2025-12-30,20678.84765625
2026-01-02,20581.6484375
2026-01-05,20615.66796875
2026-01-06,20810.0625
2026-01-07,20780.904296875
2026-01-08,20460.150390625
2026-01-09,20654.546875
2026-01-12,20814.921875
2026-01-13,21057.919921875
2026-01-14,21300.9140625
2026-01-15,21602.224609375
2026-01-16,21655.68359375
2026-01-19,22044.4765625
2026-01-20,22442.986328125
2026-01-21,22705.41796875
2026-01-22,22642.244140625
2026-01-23,22865.798828125
2026-01-26,22588.78515625
2026-01-27,23045.61328125
2026-01-28,23031.03515625
2026-01-29,23685.607421875
2026-01-30,23705.1171875
2026-02-02,23051.521484375
2026-02-03,23973.38671875
2026-02-04,24441.6328125
2026-02-05,24383.10546875
2026-02-06,24290.427734375
2026-02-09,25046.45703125
2026-02-10,25646.40234375
2026-02-11,26124.404296875
2026-02-12,26787.759765625
2026-02-13,27109.6796875
2026-02-19,27929.119140625
2026-02-20,28894.880859375
2026-02-23,28577.8359375
2026-02-24,28138.853515625
2026-02-25,28514.4296875
2026-02-26,28691.515625
2026-02-27,28226.779296875
2026-03-03,26964.646484375
2026-03-04,23887.5859375
2026-03-05,25624.2421875
2026-03-06,25526.40234375
2026-03-09,24548.005859375
2026-03-10,25183.9609375
2026-03-11,25663.376953125
2026-03-12,25609.56640625
2026-03-13,25183.9609375
2026-03-16,24988.28125
2026-03-17,25389.427734375
2026-03-18,26172.14453125
2026-03-19,25692.73046875
2026-03-20,26221.064453125
2026-03-23,24694.763671875
2026-03-24,25183.9609375
2026-03-25,25751.431640625
2026-03-26,25350.2890625
2026-03-27,25448.12890625
2026-03-30,24757.052734375
2026-03-31,24197.515625
2026-04-01,25355.85546875
2026-04-02,24590.173828125
2026-04-03,24678.5234375
2026-04-06,24894.482421875
2026-04-07,24678.5234375
2026-04-08,25694.5234375
2026-04-09,25566.908203125
2026-04-10,26038.099609375
2026-04-13,26013.55859375
2026-04-14,26435.662109375
2026-04-15,26681.07421875
2026-04-16,26995.203125
2026-04-17,27098.271484375
2026-04-20,27024.650390625
2026-04-21,27034.46484375
2026-04-22,26926.486328125
2026-04-23,26931.392578125
2026-04-24,26892.12890625
2026-04-27,26784.146484375
2026-04-28,27176.8046875
2026-04-29,27049.775390625
2026-04-30,26749.443359375
2026-05-04,27217.17578125
2026-05-06,27286.10546875
2026-05-07,27281.181640625
2026-05-08,27315.6484375
2026-05-11,27315.6484375
2026-05-12,26931.611328125
2026-05-13,26951.306640625
2026-05-14,27620.904296875
2026-05-15,27197.484375
2026-05-18,26646.05078125
2026-05-19,25868.134765625
2026-05-20,25405.326171875
2026-05-21,26488.49609375
2026-05-22,26813.451171875
2026-05-26,26700.20703125
2026-05-27,26183.23828125
2026-05-28,25808.826171875
2026-05-29,26169.408203125
2026-06-01,26623.841796875
2026-06-02,26431.201171875
2026-06-04,26564.568359375
2026-06-05,26263.259765625
2026-06-08,25018.509765625
2026-06-09,25813.765625
2026-06-10,25344.515625
2026-06-11,25438.3671875
2026-06-12,26011.34765625
2026-06-15,26939.96875
2026-06-16,27241.279296875
2026-06-17,26406.50390625
2026-06-18,25754.494140625
2026-06-19,25314.87890625
2026-06-22,24573.955078125
2026-06-23,23635.451171875
2026-06-24,23576.177734375
2026-06-25,23615.6953125
2026-06-26,22919.2265625
2026-06-29,23817.58984375
2026-06-30,23782.88671875
2026-07-01,24055.568359375
2026-07-02,24496.818359375
2026-07-03,24952.943359375
2026-07-06,25295.03515625
2026-07-07,25339.65625
2026-07-08,24923.1953125
2026-07-09,24224.134765625
2026-07-10,24952.943359375
2026-07-13,24665.38671875
2026-07-14,24427.408203125
2026-07-15,24908.322265625
2026-07-16,24992.60546875
2026-07-20,24442.28125
2026-07-21,24442.28125
2026-07-22,24620.765625
2026-07-23,25116.552734375
2026-07-24,25037.224609375
2026-07-27,25185.9609375
2026-07-28,24313.37890625
2026-07-29,23331.71875
2026-07-30,23777.896484375
2026-07-31,24509.908203125
2026-08-03,24021.900390625
2026-08-04,24410.314453125
2026-08-05,24644.359375
2026-08-06,24893.341796875
2026-08-07,25027.79296875
2026-08-10,24918.240234375
2026-08-11,24918.240234375
2026-08-12,24843.544921875
2026-08-13,24888.36328125
2026-08-14,25470.982421875
2026-08-18,25231.958984375
2026-08-19,24828.607421875
2026-08-20,24564.68359375
2026-08-21,24599.54296875
2026-08-24,24679.216796875
2026-08-25,25062.650390625
2026-08-26,25301.673828125
2026-08-27,25222.0
2026-08-28,25505.0
2026-08-31,25330.0
2026-09-01,25610.0
2026-09-02,25130.0
