k,x,mind,final,cagr,mdd,qld3,qld5,dotcom
10,0.0,0,151.27197377459746,20.732710809639986,-49.031491096100844,41.582491582491585,48.713235294117645,-21.830520925959362
10,0.0,1,151.27197377459746,20.732710809639986,-49.031491096100844,41.582491582491585,48.713235294117645,-21.830520925959362
10,0.0,2,142.34811130982013,20.457454253151308,-48.29320199380136,44.612794612794616,48.529411764705884,-17.618838080170253
10,0.0,3,154.10170762603607,20.816736062999986,-46.62278130284802,44.19191919191919,48.89705882352941,-12.246817539736021
10,0.0,4,181.80181474811982,21.568769060387826,-46.62278130284805,40.48821548821549,55.60661764705882,-5.3994080558453454
10,0.0,5,168.9195492830715,21.233837632949417,-46.62278130284807,39.81481481481482,55.42279411764706,-5.3994080558453454
10,0.0,6,167.28111567363686,21.189488462245176,-46.62278130284804,44.696969696969695,49.54044117647059,-5.3994080558453454
10,0.0,7,160.72059235614583,21.00761616498472,-46.62278130284804,40.48821548821549,49.26470588235294,-5.3994080558453454
10,0.0,8,159.28889359279316,20.966977554990464,-46.62278130284804,41.83501683501684,55.79044117647059,-5.3994080558453454
10,0.0,9,183.7171619077055,21.616605227958917,-46.62278130284804,45.28619528619529,55.97426470588235,-5.3994080558453454
10,0.0,10,181.60991086098818,21.56394951952667,-46.62278130284804,45.28619528619529,55.60661764705882,-5.3994080558453454
10,0.0,11,173.05117064318807,21.34385999088726,-46.62278130284802,43.09764309764309,55.14705882352941,-5.3994080558453454
10,0.0,12,180.1311082840293,21.5266450905081,-46.62278130284805,43.09764309764309,55.33088235294118,-5.3994080558453454
10,0.0,13,187.7679259009318,21.716212446959894,-46.62278130284804,44.107744107744104,55.69852941176471,-5.3994080558453454
10,0.0,14,175.57875889596977,21.409928218927266,-46.622781302848026,44.86531986531986,55.23897058823529,-5.3994080558453454
10,0.0,15,175.4902660729933,21.40763062635449,-46.62278130284804,40.909090909090914,55.42279411764706,-5.3994080558453454
10,0.0,16,176.01832400553707,21.421324420971686,-46.62278130284805,42.50841750841751,55.42279411764706,-5.3994080558453454
10,0.0,18,160.70006813345213,21.00703605281793,-46.62278130284805,43.26599326599327,55.33088235294118,-5.3994080558453454
10,0.0,20,150.59491763783714,20.712382292906216,-46.62278130284804,43.77104377104377,48.98897058823529,-5.3994080558453454
10,0.0,22,143.40178060312553,20.490806215675338,-46.62278130284804,38.804713804713806,48.161764705882355,-5.3994080558453454
10,0.0,24,129.47772528266597,20.02969983675209,-46.622781302848026,38.38383838383838,43.93382352941176,-5.3994080558453454
10,0.0,26,127.69496231740824,19.967246045624165,-46.62278130284804,37.79461279461279,43.841911764705884,-5.3994080558453454
10,0.0,28,122.43773729579114,19.77806506442381,-46.62278130284802,37.79461279461279,43.29044117647059,-5.3994080558453454
10,0.0,30,106.2346006120499,19.141501237205148,-46.62278130284805,40.15151515151515,43.29044117647059,-15.60843907553875
10,1.0,0,132.8767356998408,20.146514049857856,-49.03149109610083,42.76094276094276,44.76102941176471,-21.830520925959362
10,1.0,1,132.8767356998408,20.146514049857856,-49.03149109610083,42.76094276094276,44.76102941176471,-21.830520925959362
10,1.0,2,140.59399577428113,20.401400309995843,-48.293201993801326,44.612794612794616,48.529411764705884,-17.618838080170253
10,1.0,3,159.4583265855635,20.971805190716665,-46.62278130284802,44.27609427609428,49.17279411764706,-12.246817539736021
10,1.0,4,181.80181474811982,21.568769060387826,-46.62278130284805,40.48821548821549,55.60661764705882,-5.3994080558453454
10,1.0,5,168.9195492830715,21.233837632949417,-46.62278130284807,39.81481481481482,55.42279411764706,-5.3994080558453454
10,1.0,6,167.28111567363686,21.189488462245176,-46.62278130284804,44.696969696969695,49.54044117647059,-5.3994080558453454
10,1.0,7,160.72059235614583,21.00761616498472,-46.62278130284804,40.48821548821549,49.26470588235294,-5.3994080558453454
10,1.0,8,159.28889359279316,20.966977554990464,-46.62278130284804,41.83501683501684,55.79044117647059,-5.3994080558453454
10,1.0,9,183.7171619077055,21.616605227958917,-46.62278130284804,45.28619528619529,55.97426470588235,-5.3994080558453454
10,1.0,10,181.60991086098818,21.56394951952667,-46.62278130284804,45.28619528619529,55.60661764705882,-5.3994080558453454
10,1.0,11,173.05117064318807,21.34385999088726,-46.62278130284802,43.09764309764309,55.14705882352941,-5.3994080558453454
10,1.0,12,180.1311082840293,21.5266450905081,-46.62278130284805,43.09764309764309,55.33088235294118,-5.3994080558453454
10,1.0,13,182.64770059699424,21.58995474003651,-46.62278130284805,41.83501683501684,55.33088235294118,-5.3994080558453454
10,1.0,14,171.79688178955084,21.31072875850839,-46.62278130284804,41.329966329966325,55.14705882352941,-5.3994080558453454
10,1.0,15,170.62990855599125,21.279694178335728,-46.62278130284804,40.74074074074074,55.23897058823529,-5.3994080558453454
10,1.0,16,167.57648916962012,21.197514444261323,-46.62278130284804,43.77104377104377,55.05514705882353,-5.3994080558453454
10,1.0,18,150.96976576357577,20.72364789878396,-46.62278130284805,38.88888888888889,54.6875,-5.3994080558453454
10,1.0,20,141.85758338385338,20.441846358847272,-46.62278130284802,38.804713804713806,48.4375,-5.3994080558453454
10,1.0,22,143.40178060312553,20.490806215675338,-46.62278130284804,38.804713804713806,48.161764705882355,-5.3994080558453454
10,1.0,24,129.47772528266597,20.02969983675209,-46.622781302848026,38.38383838383838,43.93382352941176,-5.3994080558453454
10,1.0,26,122.43773729579114,19.77806506442381,-46.62278130284802,37.79461279461279,43.29044117647059,-5.3994080558453454
10,1.0,28,122.43773729579114,19.77806506442381,-46.62278130284802,37.79461279461279,43.29044117647059,-5.3994080558453454
10,1.0,30,106.2346006120499,19.141501237205148,-46.62278130284805,40.15151515151515,43.29044117647059,-15.60843907553875
10,2.0,0,131.52832274153326,20.100520986288608,-49.03149109610085,43.013468013468014,44.94485294117647,-21.830520925959362
10,2.0,1,131.52832274153326,20.100520986288608,-49.03149109610085,43.013468013468014,44.94485294117647,-21.830520925959362
10,2.0,2,139.16726923134175,20.355309673891476,-48.29320199380136,44.86531986531986,48.713235294117645,-17.618838080170253
10,2.0,3,159.38355468986143,20.969675332200445,-46.622781302848026,44.27609427609428,49.356617647058826,-12.246817539736021
10,2.0,4,180.04134102356,21.524371133147735,-46.62278130284805,40.99326599326599,55.42279411764706,-5.3994080558453454
10,2.0,5,167.28382068217994,21.189562025456876,-46.62278130284805,39.05723905723906,55.33088235294118,-5.3994080558453454
10,2.0,6,165.66125280721357,21.14522905143921,-46.62278130284802,44.023569023569024,49.44852941176471,-5.3994080558453454
10,2.0,7,160.72059235614583,21.00761616498472,-46.62278130284804,40.48821548821549,49.26470588235294,-5.3994080558453454
10,2.0,8,159.28889359279316,20.966977554990464,-46.62278130284804,41.83501683501684,55.79044117647059,-5.3994080558453454
10,2.0,9,176.69272725626195,21.438755915938135,-46.622781302848026,41.4983164983165,55.60661764705882,-5.3994080558453454
10,2.0,10,181.60991086098818,21.56394951952667,-46.62278130284804,45.28619528619529,55.60661764705882,-5.3994080558453454
10,2.0,11,173.05117064318807,21.34385999088726,-46.62278130284802,43.09764309764309,55.14705882352941,-5.3994080558453454
10,2.0,12,180.1311082840293,21.5266450905081,-46.62278130284805,43.09764309764309,55.33088235294118,-5.3994080558453454
10,2.0,13,182.53582090658037,21.58715807676106,-46.62278130284805,44.19191919191919,55.33088235294118,-5.3994080558453454
10,2.0,14,171.69164869936628,21.307938517647074,-46.62278130284802,40.48821548821549,55.14705882352941,-5.3994080558453454
10,2.0,15,164.34492822141638,21.108955348648205,-46.62278130284804,39.47811447811448,54.96323529411765,-5.3994080558453454
10,2.0,16,167.473841254164,21.19472680741705,-46.62278130284804,39.56228956228956,55.05514705882353,-5.3994080558453454
10,2.0,18,150.96976576357577,20.72364789878396,-46.62278130284805,38.88888888888889,54.6875,-5.3994080558453454
10,2.0,20,141.85758338385338,20.441846358847272,-46.62278130284802,38.804713804713806,48.4375,-5.3994080558453454
10,2.0,22,142.1252150030265,20.450368439979737,-46.62278130284804,38.804713804713806,48.161764705882355,-5.3994080558453454
10,2.0,24,129.47772528266597,20.02969983675209,-46.622781302848026,38.38383838383838,43.93382352941176,-5.3994080558453454
10,2.0,26,122.43773729579114,19.77806506442381,-46.62278130284802,37.79461279461279,43.29044117647059,-5.3994080558453454
10,2.0,28,122.43773729579114,19.77806506442381,-46.62278130284802,37.79461279461279,43.29044117647059,-5.3994080558453454
10,2.0,30,106.2346006120499,19.141501237205148,-46.62278130284805,40.15151515151515,43.29044117647059,-15.60843907553875
10,2.5,0,141.62305117505431,20.434365516655294,-49.03149109610085,43.51851851851852,48.98897058823529,-21.830520925959362
10,2.5,1,141.62305117505431,20.434365516655294,-49.03149109610085,43.51851851851852,48.98897058823529,-21.830520925959362
10,2.5,2,149.84828272290562,20.689862442732544,-46.62278130284805,45.28619528619529,49.356617647058826,-17.618838080170253
10,2.5,3,159.38355468986143,20.969675332200445,-46.622781302848026,44.27609427609428,49.356617647058826,-12.246817539736021
10,2.5,4,180.04134102356,21.524371133147735,-46.62278130284805,40.99326599326599,55.42279411764706,-5.3994080558453454
10,2.5,5,167.28382068217994,21.189562025456876,-46.62278130284805,39.05723905723906,55.33088235294118,-5.3994080558453454
10,2.5,6,165.66125280721357,21.14522905143921,-46.62278130284802,44.023569023569024,49.44852941176471,-5.3994080558453454
10,2.5,7,160.72059235614583,21.00761616498472,-46.62278130284804,40.48821548821549,49.26470588235294,-5.3994080558453454
10,2.5,8,154.78944456685159,20.836933133364056,-46.622781302848026,38.46801346801347,55.60661764705882,-5.3994080558453454
10,2.5,9,176.69272725626195,21.438755915938135,-46.622781302848026,41.4983164983165,55.60661764705882,-5.3994080558453454
10,2.5,10,181.60991086098818,21.56394951952667,-46.62278130284804,45.28619528619529,55.60661764705882,-5.3994080558453454
10,2.5,11,173.05117064318807,21.34385999088726,-46.62278130284802,43.09764309764309,55.14705882352941,-5.3994080558453454
10,2.5,12,176.92323615807237,21.444699264722857,-46.62278130284806,44.86531986531986,55.14705882352941,-5.3994080558453454
10,2.5,13,182.53582090658037,21.58715807676106,-46.62278130284805,44.19191919191919,55.33088235294118,-5.3994080558453454
10,2.5,14,171.69164869936628,21.307938517647074,-46.62278130284802,40.48821548821549,55.14705882352941,-5.3994080558453454
10,2.5,15,164.34492822141638,21.108955348648205,-46.62278130284804,39.47811447811448,54.96323529411765,-5.3994080558453454
10,2.5,16,167.473841254164,21.19472680741705,-46.62278130284804,39.56228956228956,55.05514705882353,-5.3994080558453454
10,2.5,18,150.96976576357577,20.72364789878396,-46.62278130284805,38.88888888888889,54.6875,-5.3994080558453454
10,2.5,20,141.85758338385338,20.441846358847272,-46.62278130284802,38.804713804713806,48.4375,-5.3994080558453454
10,2.5,22,139.14372044562347,20.354545117684488,-46.62278130284804,38.804713804713806,47.97794117647059,-5.3994080558453454
10,2.5,24,129.47772528266597,20.02969983675209,-46.622781302848026,38.38383838383838,43.93382352941176,-5.3994080558453454
10,2.5,26,122.43773729579114,19.77806506442381,-46.62278130284802,37.79461279461279,43.29044117647059,-5.3994080558453454
10,2.5,28,122.43773729579114,19.77806506442381,-46.62278130284802,37.79461279461279,43.29044117647059,-5.3994080558453454
10,2.5,30,106.2346006120499,19.141501237205148,-46.62278130284805,40.15151515151515,43.29044117647059,-15.60843907553875
10,3.0,0,135.37837098843636,20.230665031656248,-49.03149109610082,43.18181818181818,48.62132352941176,-21.830520925959362
10,3.0,1,135.37837098843636,20.230665031656248,-49.03149109610082,43.18181818181818,48.62132352941176,-21.830520925959362
10,3.0,2,143.24092188471894,20.48572981490169,-46.622781302848026,40.06734006734007,49.080882352941174,-17.618838080170253
10,3.0,3,152.3557487092221,20.76506943396175,-46.62278130284804,44.19191919191919,49.080882352941174,-12.246817539736021
10,3.0,4,172.1026574142615,21.31882703256782,-46.62278130284806,39.81481481481482,55.23897058823529,-5.3994080558453454
10,3.0,5,159.90766297417704,20.984584214883427,-46.62278130284805,39.56228956228956,55.05514705882353,-5.3994080558453454
10,3.0,6,160.67524613702406,21.006334369842495,-46.622781302848026,38.38383838383838,48.98897058823529,-5.3994080558453454
10,3.0,7,155.8832877242835,20.86887925846672,-46.62278130284802,38.63636363636363,48.98897058823529,-5.3994080558453454
10,3.0,8,154.78944456685159,20.836933133364056,-46.622781302848026,38.46801346801347,55.60661764705882,-5.3994080558453454
10,3.0,9,176.69272725626195,21.438755915938135,-46.622781302848026,41.4983164983165,55.60661764705882,-5.3994080558453454
10,3.0,10,178.8865490759581,21.49502057590682,-46.62278130284804,45.11784511784512,55.60661764705882,-5.3994080558453454
10,3.0,11,173.05117064318807,21.34385999088726,-46.62278130284802,43.09764309764309,55.14705882352941,-5.3994080558453454
10,3.0,12,176.92323615807237,21.444699264722857,-46.62278130284806,44.86531986531986,55.14705882352941,-5.3994080558453454
10,3.0,13,182.53582090658037,21.58715807676106,-46.62278130284805,44.19191919191919,55.33088235294118,-5.3994080558453454
10,3.0,14,171.69164869936628,21.307938517647074,-46.62278130284802,40.48821548821549,55.14705882352941,-5.3994080558453454
10,3.0,15,164.34492822141638,21.108955348648205,-46.62278130284804,39.47811447811448,54.96323529411765,-5.3994080558453454
10,3.0,16,167.473841254164,21.19472680741705,-46.62278130284804,39.56228956228956,55.05514705882353,-5.3994080558453454
10,3.0,18,150.96976576357577,20.72364789878396,-46.62278130284805,38.88888888888889,54.6875,-5.3994080558453454
10,3.0,20,141.85758338385338,20.441846358847272,-46.62278130284802,38.804713804713806,48.4375,-5.3994080558453454
10,3.0,22,139.14372044562347,20.354545117684488,-46.62278130284804,38.804713804713806,47.97794117647059,-5.3994080558453454
10,3.0,24,129.47772528266597,20.02969983675209,-46.622781302848026,38.38383838383838,43.93382352941176,-5.3994080558453454
10,3.0,26,122.43773729579114,19.77806506442381,-46.62278130284802,37.79461279461279,43.29044117647059,-5.3994080558453454
10,3.0,28,122.43773729579114,19.77806506442381,-46.62278130284802,37.79461279461279,43.29044117647059,-5.3994080558453454
10,3.0,30,106.2346006120499,19.141501237205148,-46.62278130284805,40.15151515151515,43.29044117647059,-15.60843907553875
10,3.5000000000000004,0,126.67550787531675,19.931154275038242,-49.031491096100844,37.71043771043771,48.529411764705884,-21.830520925959362
10,3.5000000000000004,1,126.67550787531675,19.931154275038242,-49.031491096100844,37.71043771043771,48.529411764705884,-21.830520925959362
10,3.5000000000000004,2,139.70730298470053,20.37280881510688,-46.622781302848026,42.76094276094276,48.98897058823529,-17.618838080170253
10,3.5000000000000004,3,148.67179747461424,20.654157436910946,-46.622781302848026,44.19191919191919,49.080882352941174,-12.246817539736021
10,3.5000000000000004,4,167.94122732296557,21.207406458314782,-46.62278130284804,39.05723905723906,55.23897058823529,-5.3994080558453454
10,3.5000000000000004,5,156.04110698644553,20.873470612990673,-46.62278130284804,43.09764309764309,55.05514705882353,-5.3994080558453454
10,3.5000000000000004,6,145.59306348248919,20.559418453980904,-46.62278130284806,40.31986531986532,48.89705882352941,-5.3994080558453454
10,3.5000000000000004,7,147.7972334071224,20.627438748475125,-46.62278130284806,40.4040404040404,48.98897058823529,-5.3994080558453454
10,3.5000000000000004,8,151.04664673843124,20.725955135884067,-46.62278130284806,40.909090909090914,55.60661764705882,-5.3994080558453454
10,3.5000000000000004,9,172.42030960063184,21.32722519765069,-46.622781302848026,39.141414141414145,55.60661764705882,-5.3994080558453454
10,3.5000000000000004,10,170.79390420728595,21.28406780653769,-46.62278130284804,40.74074074074074,55.51470588235294,-5.3994080558453454
10,3.5000000000000004,11,168.86680556906163,21.232416426083933,-46.622781302848026,44.612794612794616,55.14705882352941,-5.3994080558453454
10,3.5000000000000004,12,177.65843722384872,21.46360572436661,-46.62278130284804,45.033670033670035,55.14705882352941,-5.3994080558453454
10,3.5000000000000004,13,175.18916976680666,21.399804720822857,-46.62278130284804,44.94949494949495,55.14705882352941,-5.3994080558453454
10,3.5000000000000004,14,167.54015676974475,21.19652794352851,-46.622781302848026,44.86531986531986,55.14705882352941,-5.3994080558453454
10,3.5000000000000004,15,153.10351424196188,20.787266809852255,-46.62278130284805,38.72053872053872,54.779411764705884,-5.3994080558453454
10,3.5000000000000004,16,156.01840541783014,20.872810443229017,-46.62278130284805,38.804713804713806,54.87132352941176,-5.3994080558453454
10,3.5000000000000004,18,140.64323087323237,20.40298281023727,-46.62278130284804,38.131313131313135,54.50367647058824,-5.3994080558453454
10,3.5000000000000004,20,132.1543340155835,20.12192978906493,-46.62278130284802,38.04713804713805,48.25367647058824,-5.3994080558453454
10,3.5000000000000004,22,129.6261029499178,20.03486043668876,-46.62278130284804,38.04713804713805,47.794117647058826,-5.3994080558453454
10,3.5000000000000004,24,126.34696303739143,19.919463211404185,-46.62278130284804,37.37373737373738,43.93382352941176,-5.3994080558453454
10,3.5000000000000004,26,119.47720146242197,19.66805954327895,-46.62278130284804,36.784511784511785,43.29044117647059,-5.3994080558453454
10,3.5000000000000004,28,119.47720146242197,19.66805954327895,-46.62278130284804,36.784511784511785,43.29044117647059,-5.3994080558453454
10,3.5000000000000004,30,103.66585547838476,19.03208034343362,-46.62278130284805,41.245791245791246,43.29044117647059,-15.60843907553875
10,4.0,0,115.47825684152353,19.51522907276626,-49.031491096100844,43.013468013468014,47.97794117647059,-21.830520925959362
10,4.0,1,115.47825684152353,19.51522907276626,-49.031491096100844,43.013468013468014,47.97794117647059,-21.830520925959362
10,4.0,2,127.35813013343665,19.95535194030973,-46.62278130284805,41.4983164983165,48.529411764705884,-17.618838080170253
10,4.0,3,135.5302244437245,20.235724835805335,-46.622781302848026,43.51851851851852,48.713235294117645,-12.246817539736021
10,4.0,4,145.9807605391744,20.57145423920104,-46.62278130284804,38.131313131313135,48.80514705882353,-5.3994080558453454
10,4.0,5,140.94202355534958,20.412575096618223,-46.622781302848026,43.013468013468014,48.62132352941176,-5.3994080558453454
10,4.0,6,132.72362954110747,20.141314410795697,-46.622781302848026,43.26599326599327,48.62132352941176,-5.3994080558453454
10,4.0,7,141.5518332484998,20.432091527906614,-46.622781302848026,43.85521885521885,55.23897058823529,-5.3994080558453454
10,4.0,8,140.58592603213998,20.40114088381515,-46.622781302848026,43.85521885521885,55.33088235294118,-5.3994080558453454
10,4.0,9,160.47935796899554,21.000793223152627,-46.62278130284805,40.74074074074074,55.33088235294118,-5.3994080558453454
10,4.0,10,158.96558912165992,20.957751947382853,-46.62278130284804,44.107744107744104,55.33088235294118,-5.3994080558453454
10,4.0,11,156.8655033591797,20.89738193918127,-46.62278130284804,43.93939393939394,54.87132352941176,-5.3994080558453454
10,4.0,12,164.99302978995877,21.12684976612964,-46.62278130284805,38.88888888888889,54.779411764705884,-5.3994080558453454
10,4.0,13,162.69979832025987,21.06322564987615,-46.62278130284804,38.804713804713806,54.779411764705884,-5.3994080558453454
10,4.0,14,155.59608937736337,20.860512454286084,-46.62278130284804,38.72053872053872,54.779411764705884,-5.3994080558453454
10,4.0,15,153.10351424196188,20.787266809852255,-46.62278130284805,38.72053872053872,54.779411764705884,-5.3994080558453454
10,4.0,16,156.01840541783014,20.872810443229017,-46.62278130284805,38.804713804713806,54.87132352941176,-5.3994080558453454
10,4.0,18,140.64323087323237,20.40298281023727,-46.62278130284804,38.131313131313135,54.50367647058824,-5.3994080558453454
10,4.0,20,132.1543340155835,20.12192978906493,-46.62278130284802,38.04713804713805,48.25367647058824,-5.3994080558453454
10,4.0,22,129.51658133612307,20.031051806643397,-46.62278130284804,37.878787878787875,47.794117647058826,-5.3994080558453454
10,4.0,24,126.2402119820486,19.91565824283965,-46.62278130284804,37.37373737373738,43.93382352941176,-5.3994080558453454
10,4.0,26,119.47720146242197,19.66805954327895,-46.62278130284804,36.784511784511785,43.29044117647059,-5.3994080558453454
10,4.0,28,119.47720146242197,19.66805954327895,-46.62278130284804,36.784511784511785,43.29044117647059,-5.3994080558453454
10,4.0,30,103.66585547838476,19.03208034343362,-46.62278130284805,41.245791245791246,43.29044117647059,-15.60843907553875
10,5.0,0,102.12639390690819,18.965246353140387,-49.031491096100844,42.340067340067336,47.88602941176471,-21.830520925959362
10,5.0,1,102.12639390690819,18.965246353140387,-49.031491096100844,42.340067340067336,47.88602941176471,-21.830520925959362
10,5.0,2,112.63268879356472,19.40334387233673,-46.62278130284805,40.48821548821549,48.4375,-17.618838080170253
10,5.0,3,127.87641344229283,19.973640878089995,-46.62278130284804,37.121212121212125,48.529411764705884,-5.3994080558453454
10,5.0,4,132.64275432196186,20.138565476446367,-46.62278130284805,43.18181818181818,48.62132352941176,-5.3994080558453454
10,5.0,5,133.10884932608081,20.154385874796677,-46.62278130284804,42.17171717171717,48.62132352941176,-5.3994080558453454
10,5.0,6,130.0329818925674,20.048982636949454,-46.62278130284804,42.08754208754209,48.62132352941176,-5.3994080558453454
10,5.0,7,138.68221531691165,20.339536284164538,-46.62278130284804,42.676767676767675,55.33088235294118,-5.3994080558453454
10,5.0,8,136.2959677762649,20.26115680000622,-46.62278130284804,42.676767676767675,55.33088235294118,-5.3994080558453454
10,5.0,9,155.9074124047605,20.869581394966975,-46.62278130284802,44.36026936026936,55.33088235294118,-5.3994080558453454
10,5.0,10,155.9074124047605,20.869581394966975,-46.62278130284802,44.36026936026936,55.33088235294118,-5.3994080558453454
10,5.0,11,153.8477280487594,20.8092553926839,-46.62278130284807,44.19191919191919,54.87132352941176,-5.3994080558453454
10,5.0,12,152.27188422082403,20.76257338532057,-46.62278130284804,44.19191919191919,54.779411764705884,-5.3994080558453454
10,5.0,13,150.15546344056398,20.69914061196789,-46.62278130284804,44.107744107744104,54.779411764705884,-5.3994080558453454
10,5.0,14,150.05438412094418,20.696089603161273,-46.62278130284805,44.107744107744104,54.779411764705884,-5.3994080558453454
10,5.0,15,147.65058446046123,20.622943604653532,-46.62278130284804,44.107744107744104,54.779411764705884,-5.3994080558453454
10,5.0,16,150.46165896705546,20.708370861491687,-46.62278130284806,44.19191919191919,54.87132352941176,-5.3994080558453454
10,5.0,18,135.63408613875453,20.23918239837752,-46.62278130284804,43.51851851851852,54.50367647058824,-5.3994080558453454
10,5.0,20,127.07873007845542,19.945462863702488,-46.62278130284806,43.26599326599327,48.25367647058824,-5.3994080558453454
10,5.0,22,124.90372298951576,19.867757382676565,-46.62278130284806,43.26599326599327,47.794117647058826,-5.3994080558453454
10,5.0,24,121.74404469974806,19.75252080429657,-46.62278130284806,42.76094276094276,43.93382352941176,-5.3994080558453454
10,5.0,26,115.22190534273153,19.505258946631464,-46.62278130284806,42.17171717171717,43.29044117647059,-5.3994080558453454
10,5.0,28,115.22190534273153,19.505258946631464,-46.62278130284806,42.17171717171717,43.29044117647059,-5.3994080558453454
10,5.0,30,102.78747991665618,18.994064642294827,-46.62278130284806,42.003367003367,43.29044117647059,-15.60843907553875
10,6.0,0,118.63377183958741,19.63623961920915,-48.439801554362816,40.82491582491583,49.080882352941174,-21.45438913918294
10,6.0,1,118.63377183958741,19.63623961920915,-48.439801554362816,40.82491582491583,49.080882352941174,-21.45438913918294
10,6.0,2,127.37001032894027,19.95577196462477,-46.62278130284804,43.77104377104377,49.080882352941174,-15.60843907553875
10,6.0,3,128.87454774444637,20.008662454369453,-46.62278130284804,43.77104377104377,49.17279411764706,-15.60843907553875
10,6.0,4,135.76564515036262,20.24355835007814,-46.62278130284804,43.77104377104377,55.33088235294118,-15.60843907553875
10,6.0,5,137.23171303595348,20.292048839221934,-46.62278130284804,43.85521885521885,55.33088235294118,-15.60843907553875
10,6.0,6,134.0605748350778,20.186524839056517,-46.62278130284804,43.77104377104377,55.33088235294118,-15.60843907553875
10,6.0,7,134.47982044245646,20.200612790952842,-46.62278130284804,43.77104377104377,55.33088235294118,-15.60843907553875
10,6.0,8,132.1658817729293,20.122323790371844,-46.62278130284804,43.77104377104377,55.33088235294118,-15.60843907553875
10,6.0,9,142.99391275496117,20.47792397658541,-46.62278130284804,43.93939393939394,55.33088235294118,-15.60843907553875
10,6.0,10,142.99391275496117,20.47792397658541,-46.62278130284804,43.93939393939394,55.33088235294118,-15.60843907553875
10,6.0,11,141.10482794134091,20.417793450501097,-46.62278130284805,43.77104377104377,54.87132352941176,-15.60843907553875
10,6.0,12,139.6595081109902,20.371262708280558,-46.62278130284805,43.77104377104377,54.779411764705884,-15.60843907553875
10,6.0,13,137.7183862378387,20.308035478092368,-46.62278130284802,43.686868686868685,54.779411764705884,-15.60843907553875
10,6.0,14,137.62567911642682,20.304994355563366,-46.62278130284806,43.686868686868685,54.779411764705884,-15.60843907553875
10,6.0,15,135.4209813818556,20.23208537428205,-46.62278130284805,43.686868686868685,54.779411764705884,-15.60843907553875
10,6.0,16,137.99922020029044,20.31723581855507,-46.62278130284802,43.77104377104377,54.87132352941176,-15.60843907553875
10,6.0,18,124.39978562130148,19.849567681234003,-46.62278130284804,43.09764309764309,54.50367647058824,-15.60843907553875
10,6.0,20,116.55305261993566,19.556799894991883,-46.62278130284802,42.84511784511785,48.25367647058824,-15.60843907553875
10,6.0,22,114.55819702506592,19.479346205423663,-46.62278130284802,42.84511784511785,47.794117647058826,-15.60843907553875
10,6.0,24,111.6602285787183,19.364483031669334,-46.62278130284802,42.340067340067336,43.93382352941176,-15.60843907553875
10,6.0,26,105.67830500107782,19.118022384198884,-46.62278130284802,41.75084175084175,43.29044117647059,-15.60843907553875
10,6.0,28,105.67830500107782,19.118022384198884,-46.62278130284802,41.75084175084175,43.29044117647059,-15.60843907553875
10,6.0,30,105.67830500107782,19.118022384198884,-46.62278130284802,41.75084175084175,43.29044117647059,-15.60843907553875
10,7.000000000000001,0,125.63465594258146,19.894015394204835,-46.62278130284805,42.84511784511785,48.713235294117645,-17.22244073946042
10,7.000000000000001,1,125.63465594258146,19.894015394204835,-46.62278130284805,42.84511784511785,48.713235294117645,-17.22244073946042
10,7.000000000000001,2,125.5426241030727,19.890717348415386,-46.62278130284805,42.84511784511785,48.713235294117645,-17.22244073946042
10,7.000000000000001,3,127.02557581765757,19.943579154500647,-46.62278130284805,42.84511784511785,48.713235294117645,-17.22244073946042
10,7.000000000000001,4,133.81780617906196,20.178347661071694,-46.62278130284805,42.84511784511785,54.87132352941176,-17.22244073946042
10,7.000000000000001,5,135.26284028870026,20.226811852771775,-46.62278130284805,42.92929292929293,54.87132352941176,-17.22244073946042
10,7.000000000000001,6,132.1371986238903,20.121345080559806,-46.62278130284805,42.84511784511785,54.87132352941176,-17.22244073946042
10,7.000000000000001,7,132.55042928594395,20.135425392254326,-46.62278130284805,42.84511784511785,54.87132352941176,-17.22244073946042
10,7.000000000000001,8,130.2696888523384,20.057178849495937,-46.62278130284805,42.84511784511785,48.80514705882353,-17.22244073946042
10,7.000000000000001,9,140.94236933531045,20.412586186017844,-46.62278130284805,43.013468013468014,54.87132352941176,-17.22244073946042
10,7.000000000000001,10,140.94236933531045,20.412586186017844,-46.62278130284805,43.013468013468014,54.87132352941176,-17.22244073946042
10,7.000000000000001,11,139.08038735036132,20.35248827002163,-46.62278130284805,42.84511784511785,54.87132352941176,-17.22244073946042
10,7.000000000000001,12,137.6558036221994,20.30598276243154,-46.62278130284805,42.84511784511785,54.779411764705884,-17.22244073946042
10,7.000000000000001,13,135.74253115696263,20.242789821741304,-46.62278130284804,42.76094276094276,54.779411764705884,-17.22244073946042
10,7.000000000000001,14,135.651154110945,20.239750348479003,-46.62278130284804,42.76094276094276,54.779411764705884,-17.22244073946042
10,7.000000000000001,15,133.47808732515006,20.16688090731913,-46.62278130284804,42.76094276094276,54.779411764705884,-17.22244073946042
10,7.000000000000001,16,131.11930230332075,20.086479962797487,-46.62278130284805,42.676767676767675,54.779411764705884,-17.22244073946042
10,7.000000000000001,18,124.36666968724417,19.848369874155235,-46.62278130284802,42.17171717171717,54.595588235294116,-17.22244073946042
10,7.000000000000001,20,116.52202553105897,19.555605013908874,-46.622781302848026,41.91919191919192,48.345588235294116,-17.22244073946042
10,7.000000000000001,22,114.52770097815205,19.478152098432556,-46.622781302848026,41.91919191919192,47.88602941176471,-17.22244073946042
10,7.000000000000001,24,111.63050398757066,19.363290072649985,-46.622781302848026,41.41414141414141,44.025735294117645,-17.22244073946042
10,7.000000000000001,26,105.65017283218155,19.116831888369944,-46.622781302848026,40.82491582491583,43.38235294117647,-17.22244073946042
10,7.000000000000001,28,105.65017283218155,19.116831888369944,-46.622781302848026,40.82491582491583,43.38235294117647,-17.22244073946042
10,7.000000000000001,30,105.65017283218155,19.116831888369944,-46.622781302848026,40.82491582491583,43.38235294117647,-17.22244073946042
10,8.0,0,131.1707090757643,20.08824699018703,-48.16675828108964,41.75084175084175,48.62132352941176,-4.9442139046298355
10,8.0,1,131.1707090757643,20.08824699018703,-48.16675828108964,41.75084175084175,48.62132352941176,-4.9442139046298355
10,8.0,2,130.90906112915061,20.07924630472415,-48.16675828108964,41.75084175084175,48.62132352941176,-4.9442139046298355
10,8.0,3,129.7409871988026,20.03885222627566,-48.16675828108964,41.75084175084175,48.62132352941176,-4.9442139046298355
10,8.0,4,136.67841430116252,20.273807213164673,-48.16675828108964,41.75084175084175,54.779411764705884,-4.9442139046298355
10,8.0,5,138.1543387416825,20.322309900734602,-48.16675828108964,41.75084175084175,54.779411764705884,-4.9442139046298355
10,8.0,6,138.1543387416825,20.322309900734602,-48.16675828108964,41.75084175084175,54.779411764705884,-4.9442139046298355
10,8.0,7,138.58638671498872,20.33641376900277,-48.16675828108964,41.75084175084175,54.779411764705884,-4.9442139046298355
10,8.0,8,136.20178805747446,20.258036318599395,-48.16675828108964,41.75084175084175,54.779411764705884,-4.9442139046298355
10,8.0,9,143.95527843897034,20.508231797456023,-48.16675828108964,41.91919191919192,54.779411764705884,-4.9442139046298355
10,8.0,10,143.95527843897034,20.508231797456023,-48.16675828108964,41.91919191919192,54.779411764705884,-4.9442139046298355
10,8.0,11,142.05349307552171,20.44808614473974,-48.16675828108964,41.75084175084175,54.779411764705884,-4.9442139046298355
10,8.0,12,140.59845618197124,20.40154369709335,-48.16675828108964,41.75084175084175,54.6875,-4.9442139046298355
10,8.0,13,136.39010428648825,20.264273776596433,-48.16675828108964,41.582491582491585,54.6875,-4.9442139046298355
10,8.0,14,136.39010428648825,20.264273776596433,-48.16675828108964,41.582491582491585,54.6875,-4.9442139046298355
10,8.0,15,136.39010428648825,20.264273776596433,-48.16675828108964,41.582491582491585,54.6875,-4.9442139046298355
10,8.0,16,137.09009041085372,20.287386453104993,-48.16675828108964,41.582491582491585,54.6875,-4.9442139046298355
10,8.0,18,130.02996272875467,20.048878002696856,-48.16675828108964,41.16161616161616,54.41176470588235,-4.9442139046298355
10,8.0,20,121.82809650676471,19.75562334242822,-48.16675828108964,40.82491582491583,48.161764705882355,-4.9442139046298355
10,8.0,22,119.74295626834216,19.678040847057353,-48.16675828108964,40.82491582491583,48.06985294117647,-4.9442139046298355
10,8.0,24,116.71382943194367,19.562986655375035,-48.16675828108964,40.31986531986532,44.025735294117645,-4.9442139046298355
10,8.0,26,110.46117155185074,19.316116142839345,-48.16675828108964,39.81481481481482,43.29044117647059,-4.9442139046298355
10,8.0,28,110.46117155185074,19.316116142839345,-48.16675828108964,39.81481481481482,43.29044117647059,-4.9442139046298355
10,8.0,30,110.46117155185074,19.316116142839345,-48.16675828108964,39.81481481481482,43.29044117647059,-4.9442139046298355
10,10.0,0,131.72505316207776,20.107259468814952,-46.62278130284802,42.340067340067336,48.713235294117645,-7.011422118382649
10,10.0,1,131.72505316207776,20.107259468814952,-46.62278130284802,42.340067340067336,48.713235294117645,-7.011422118382649
10,10.0,2,131.72505316207776,20.107259468814952,-46.62278130284802,42.340067340067336,48.713235294117645,-7.011422118382649
10,10.0,3,131.72505316207776,20.107259468814952,-46.62278130284802,42.340067340067336,48.713235294117645,-7.011422118382649
10,10.0,4,138.76857097088018,20.342348350876005,-46.62278130284802,42.340067340067336,48.713235294117645,-7.011422118382649
10,10.0,5,138.73819653447458,20.34135943641178,-46.62278130284802,42.340067340067336,48.713235294117645,-7.011422118382649
10,10.0,6,138.73819653447458,20.34135943641178,-46.62278130284802,42.340067340067336,48.713235294117645,-7.011422118382649
10,10.0,7,138.73819653447458,20.34135943641178,-46.62278130284802,42.340067340067336,48.713235294117645,-7.011422118382649
10,10.0,8,138.73819653447458,20.34135943641178,-46.62278130284802,42.340067340067336,48.713235294117645,-7.011422118382649
10,10.0,9,146.15671666100948,20.5769065280758,-46.62278130284802,42.42424242424242,48.80514705882353,-7.011422118382649
10,10.0,10,146.15671666100948,20.5769065280758,-46.62278130284802,42.42424242424242,48.80514705882353,-7.011422118382649
10,10.0,11,146.15671666100948,20.5769065280758,-46.62278130284802,42.42424242424242,48.80514705882353,-7.011422118382649
10,10.0,12,144.6596509403594,20.530314302835293,-46.62278130284804,42.42424242424242,48.62132352941176,-7.011422118382649
10,10.0,13,138.08584761466057,20.32007016405808,-46.62278130284804,42.08754208754209,48.345588235294116,-7.011422118382649
10,10.0,14,138.08584761466057,20.32007016405808,-46.62278130284804,42.08754208754209,48.345588235294116,-7.011422118382649
10,10.0,15,138.08584761466057,20.32007016405808,-46.62278130284804,42.08754208754209,48.345588235294116,-7.011422118382649
10,10.0,16,138.08584761466057,20.32007016405808,-46.62278130284804,42.08754208754209,48.345588235294116,-7.011422118382649
10,10.0,18,138.08584761466057,20.32007016405808,-46.62278130284804,42.08754208754209,48.345588235294116,-7.011422118382649
10,10.0,20,134.82439454175093,20.212159936424044,-46.62278130284804,42.003367003367,48.345588235294116,-7.011422118382649
10,10.0,22,132.51681707611715,20.13428167833904,-46.62278130284804,42.003367003367,48.25367647058824,-7.011422118382649
10,10.0,24,129.16455102733323,20.01878887302564,-46.62278130284804,41.4983164983165,44.20955882352941,-7.011422118382649
10,10.0,26,122.24487619753452,19.770977232050193,-46.62278130284804,40.99326599326599,43.474264705882355,-7.011422118382649
10,10.0,28,122.24487619753452,19.770977232050193,-46.62278130284804,40.99326599326599,43.474264705882355,-7.011422118382649
10,10.0,30,122.24487619753452,19.770977232050193,-46.62278130284804,40.99326599326599,43.474264705882355,-7.011422118382649
20,0.0,0,151.27197377459746,20.732710809639986,-49.031491096100844,41.582491582491585,48.713235294117645,-21.830520925959362
20,0.0,1,151.27197377459746,20.732710809639986,-49.031491096100844,41.582491582491585,48.713235294117645,-21.830520925959362
20,0.0,2,142.34811130982013,20.457454253151308,-48.29320199380136,44.612794612794616,48.529411764705884,-17.618838080170253
20,0.0,3,154.10170762603607,20.816736062999986,-46.62278130284802,44.19191919191919,48.89705882352941,-12.246817539736021
20,0.0,4,181.80181474811982,21.568769060387826,-46.62278130284805,40.48821548821549,55.60661764705882,-5.3994080558453454
20,0.0,5,168.9195492830715,21.233837632949417,-46.62278130284807,39.81481481481482,55.42279411764706,-5.3994080558453454
20,0.0,6,167.28111567363686,21.189488462245176,-46.62278130284804,44.696969696969695,49.54044117647059,-5.3994080558453454
20,0.0,7,160.72059235614583,21.00761616498472,-46.62278130284804,40.48821548821549,49.26470588235294,-5.3994080558453454
20,0.0,8,159.28889359279316,20.966977554990464,-46.62278130284804,41.83501683501684,55.79044117647059,-5.3994080558453454
20,0.0,9,183.7171619077055,21.616605227958917,-46.62278130284804,45.28619528619529,55.97426470588235,-5.3994080558453454
20,0.0,10,181.60991086098818,21.56394951952667,-46.62278130284804,45.28619528619529,55.60661764705882,-5.3994080558453454
20,0.0,11,173.05117064318807,21.34385999088726,-46.62278130284802,43.09764309764309,55.14705882352941,-5.3994080558453454
20,0.0,12,180.1311082840293,21.5266450905081,-46.62278130284805,43.09764309764309,55.33088235294118,-5.3994080558453454
20,0.0,13,187.7679259009318,21.716212446959894,-46.62278130284804,44.107744107744104,55.69852941176471,-5.3994080558453454
20,0.0,14,175.57875889596977,21.409928218927266,-46.622781302848026,44.86531986531986,55.23897058823529,-5.3994080558453454
20,0.0,15,175.4902660729933,21.40763062635449,-46.62278130284804,40.909090909090914,55.42279411764706,-5.3994080558453454
20,0.0,16,176.01832400553707,21.421324420971686,-46.62278130284805,42.50841750841751,55.42279411764706,-5.3994080558453454
20,0.0,18,160.70006813345213,21.00703605281793,-46.62278130284805,43.26599326599327,55.33088235294118,-5.3994080558453454
20,0.0,20,150.59491763783714,20.712382292906216,-46.62278130284804,43.77104377104377,48.98897058823529,-5.3994080558453454
20,0.0,22,143.40178060312553,20.490806215675338,-46.62278130284804,38.804713804713806,48.161764705882355,-5.3994080558453454
20,0.0,24,129.47772528266597,20.02969983675209,-46.622781302848026,38.38383838383838,43.93382352941176,-5.3994080558453454
20,0.0,26,127.69496231740824,19.967246045624165,-46.62278130284804,37.79461279461279,43.841911764705884,-5.3994080558453454
20,0.0,28,122.43773729579114,19.77806506442381,-46.62278130284802,37.79461279461279,43.29044117647059,-5.3994080558453454
20,0.0,30,106.2346006120499,19.141501237205148,-46.62278130284805,40.15151515151515,43.29044117647059,-15.60843907553875
20,1.0,0,132.8767356998408,20.146514049857856,-49.03149109610083,42.76094276094276,44.76102941176471,-21.830520925959362
20,1.0,1,132.8767356998408,20.146514049857856,-49.03149109610083,42.76094276094276,44.76102941176471,-21.830520925959362
20,1.0,2,140.59399577428113,20.401400309995843,-48.293201993801326,44.612794612794616,48.529411764705884,-17.618838080170253
20,1.0,3,159.4583265855635,20.971805190716665,-46.62278130284802,44.27609427609428,49.17279411764706,-12.246817539736021
20,1.0,4,181.80181474811982,21.568769060387826,-46.62278130284805,40.48821548821549,55.60661764705882,-5.3994080558453454
20,1.0,5,168.9195492830715,21.233837632949417,-46.62278130284807,39.81481481481482,55.42279411764706,-5.3994080558453454
20,1.0,6,167.28111567363686,21.189488462245176,-46.62278130284804,44.696969696969695,49.54044117647059,-5.3994080558453454
20,1.0,7,160.72059235614583,21.00761616498472,-46.62278130284804,40.48821548821549,49.26470588235294,-5.3994080558453454
20,1.0,8,159.28889359279316,20.966977554990464,-46.62278130284804,41.83501683501684,55.79044117647059,-5.3994080558453454
20,1.0,9,183.7171619077055,21.616605227958917,-46.62278130284804,45.28619528619529,55.97426470588235,-5.3994080558453454
20,1.0,10,181.60991086098818,21.56394951952667,-46.62278130284804,45.28619528619529,55.60661764705882,-5.3994080558453454
20,1.0,11,173.05117064318807,21.34385999088726,-46.62278130284802,43.09764309764309,55.14705882352941,-5.3994080558453454
20,1.0,12,180.1311082840293,21.5266450905081,-46.62278130284805,43.09764309764309,55.33088235294118,-5.3994080558453454
20,1.0,13,187.7679259009318,21.716212446959894,-46.62278130284804,44.107744107744104,55.69852941176471,-5.3994080558453454
20,1.0,14,175.57875889596977,21.409928218927266,-46.622781302848026,44.86531986531986,55.23897058823529,-5.3994080558453454
20,1.0,15,175.4902660729933,21.40763062635449,-46.62278130284804,40.909090909090914,55.42279411764706,-5.3994080558453454
20,1.0,16,176.01832400553707,21.421324420971686,-46.62278130284805,42.50841750841751,55.42279411764706,-5.3994080558453454
20,1.0,18,160.70006813345213,21.00703605281793,-46.62278130284805,43.26599326599327,55.33088235294118,-5.3994080558453454
20,1.0,20,150.59491763783714,20.712382292906216,-46.62278130284804,43.77104377104377,48.98897058823529,-5.3994080558453454
20,1.0,22,143.40178060312553,20.490806215675338,-46.62278130284804,38.804713804713806,48.161764705882355,-5.3994080558453454
20,1.0,24,129.47772528266597,20.02969983675209,-46.622781302848026,38.38383838383838,43.93382352941176,-5.3994080558453454
20,1.0,26,127.69496231740824,19.967246045624165,-46.62278130284804,37.79461279461279,43.841911764705884,-5.3994080558453454
20,1.0,28,122.43773729579114,19.77806506442381,-46.62278130284802,37.79461279461279,43.29044117647059,-5.3994080558453454
20,1.0,30,106.2346006120499,19.141501237205148,-46.62278130284805,40.15151515151515,43.29044117647059,-15.60843907553875
20,2.0,0,131.52832274153326,20.100520986288608,-49.03149109610085,43.013468013468014,44.94485294117647,-21.830520925959362
20,2.0,1,131.52832274153326,20.100520986288608,-49.03149109610085,43.013468013468014,44.94485294117647,-21.830520925959362
20,2.0,2,139.16726923134175,20.355309673891476,-48.29320199380136,44.86531986531986,48.713235294117645,-17.618838080170253
20,2.0,3,159.38355468986143,20.969675332200445,-46.622781302848026,44.27609427609428,49.356617647058826,-12.246817539736021
20,2.0,4,180.04134102356,21.524371133147735,-46.62278130284805,40.99326599326599,55.42279411764706,-5.3994080558453454
20,2.0,5,167.28382068217994,21.189562025456876,-46.62278130284805,39.05723905723906,55.33088235294118,-5.3994080558453454
20,2.0,6,165.66125280721357,21.14522905143921,-46.62278130284802,44.023569023569024,49.44852941176471,-5.3994080558453454
20,2.0,7,160.72059235614583,21.00761616498472,-46.62278130284804,40.48821548821549,49.26470588235294,-5.3994080558453454
20,2.0,8,159.28889359279316,20.966977554990464,-46.62278130284804,41.83501683501684,55.79044117647059,-5.3994080558453454
20,2.0,9,176.69272725626195,21.438755915938135,-46.622781302848026,41.4983164983165,55.60661764705882,-5.3994080558453454
20,2.0,10,181.60991086098818,21.56394951952667,-46.62278130284804,45.28619528619529,55.60661764705882,-5.3994080558453454
20,2.0,11,173.05117064318807,21.34385999088726,-46.62278130284802,43.09764309764309,55.14705882352941,-5.3994080558453454
20,2.0,12,180.1311082840293,21.5266450905081,-46.62278130284805,43.09764309764309,55.33088235294118,-5.3994080558453454
20,2.0,13,187.7679259009318,21.716212446959894,-46.62278130284804,44.107744107744104,55.69852941176471,-5.3994080558453454
20,2.0,14,175.57875889596977,21.409928218927266,-46.622781302848026,44.86531986531986,55.23897058823529,-5.3994080558453454
20,2.0,15,175.4902660729933,21.40763062635449,-46.62278130284804,40.909090909090914,55.42279411764706,-5.3994080558453454
20,2.0,16,176.01832400553707,21.421324420971686,-46.62278130284805,42.50841750841751,55.42279411764706,-5.3994080558453454
20,2.0,18,160.70006813345213,21.00703605281793,-46.62278130284805,43.26599326599327,55.33088235294118,-5.3994080558453454
20,2.0,20,150.59491763783714,20.712382292906216,-46.62278130284804,43.77104377104377,48.98897058823529,-5.3994080558453454
20,2.0,22,143.40178060312553,20.490806215675338,-46.62278130284804,38.804713804713806,48.161764705882355,-5.3994080558453454
20,2.0,24,129.47772528266597,20.02969983675209,-46.622781302848026,38.38383838383838,43.93382352941176,-5.3994080558453454
20,2.0,26,127.69496231740824,19.967246045624165,-46.62278130284804,37.79461279461279,43.841911764705884,-5.3994080558453454
20,2.0,28,122.43773729579114,19.77806506442381,-46.62278130284802,37.79461279461279,43.29044117647059,-5.3994080558453454
20,2.0,30,106.2346006120499,19.141501237205148,-46.62278130284805,40.15151515151515,43.29044117647059,-15.60843907553875
20,2.5,0,141.62305117505431,20.434365516655294,-49.03149109610085,43.51851851851852,48.98897058823529,-21.830520925959362
20,2.5,1,141.62305117505431,20.434365516655294,-49.03149109610085,43.51851851851852,48.98897058823529,-21.830520925959362
20,2.5,2,149.84828272290562,20.689862442732544,-46.62278130284805,45.28619528619529,49.356617647058826,-17.618838080170253
20,2.5,3,159.38355468986143,20.969675332200445,-46.622781302848026,44.27609427609428,49.356617647058826,-12.246817539736021
20,2.5,4,180.04134102356,21.524371133147735,-46.62278130284805,40.99326599326599,55.42279411764706,-5.3994080558453454
20,2.5,5,167.28382068217994,21.189562025456876,-46.62278130284805,39.05723905723906,55.33088235294118,-5.3994080558453454
20,2.5,6,165.66125280721357,21.14522905143921,-46.62278130284802,44.023569023569024,49.44852941176471,-5.3994080558453454
20,2.5,7,160.72059235614583,21.00761616498472,-46.62278130284804,40.48821548821549,49.26470588235294,-5.3994080558453454
20,2.5,8,154.78944456685159,20.836933133364056,-46.622781302848026,38.46801346801347,55.60661764705882,-5.3994080558453454
20,2.5,9,176.69272725626195,21.438755915938135,-46.622781302848026,41.4983164983165,55.60661764705882,-5.3994080558453454
20,2.5,10,181.60991086098818,21.56394951952667,-46.62278130284804,45.28619528619529,55.60661764705882,-5.3994080558453454
20,2.5,11,173.05117064318807,21.34385999088726,-46.62278130284802,43.09764309764309,55.14705882352941,-5.3994080558453454
20,2.5,12,176.92323615807237,21.444699264722857,-46.62278130284806,44.86531986531986,55.14705882352941,-5.3994080558453454
20,2.5,13,187.7679259009318,21.716212446959894,-46.62278130284804,44.107744107744104,55.69852941176471,-5.3994080558453454
20,2.5,14,175.57875889596977,21.409928218927266,-46.622781302848026,44.86531986531986,55.23897058823529,-5.3994080558453454
20,2.5,15,175.4902660729933,21.40763062635449,-46.62278130284804,40.909090909090914,55.42279411764706,-5.3994080558453454
20,2.5,16,176.01832400553707,21.421324420971686,-46.62278130284805,42.50841750841751,55.42279411764706,-5.3994080558453454
20,2.5,18,158.6751618957048,20.94944909313461,-46.62278130284805,44.612794612794616,55.05514705882353,-5.3994080558453454
20,2.5,20,149.24761823098265,20.671666795240505,-46.62278130284806,43.013468013468014,48.80514705882353,-5.3994080558453454
20,2.5,22,143.40178060312553,20.490806215675338,-46.62278130284804,38.804713804713806,48.161764705882355,-5.3994080558453454
20,2.5,24,129.47772528266597,20.02969983675209,-46.622781302848026,38.38383838383838,43.93382352941176,-5.3994080558453454
20,2.5,26,127.69496231740824,19.967246045624165,-46.62278130284804,37.79461279461279,43.841911764705884,-5.3994080558453454
20,2.5,28,122.43773729579114,19.77806506442381,-46.62278130284802,37.79461279461279,43.29044117647059,-5.3994080558453454
20,2.5,30,106.2346006120499,19.141501237205148,-46.62278130284805,40.15151515151515,43.29044117647059,-15.60843907553875
20,3.0,0,137.36053676178213,20.296285849938613,-49.03149109610082,43.18181818181818,48.62132352941176,-21.830520925959362
20,3.0,1,137.36053676178213,20.296285849938613,-49.03149109610082,43.18181818181818,48.62132352941176,-21.830520925959362
20,3.0,2,145.33820855340463,20.551489845254366,-46.622781302848026,40.06734006734007,49.080882352941174,-17.618838080170253
20,3.0,3,154.58649168728337,20.83098192537227,-46.62278130284804,44.27609427609428,49.080882352941174,-12.246817539736021
20,3.0,4,174.6225281627247,21.385041759907452,-46.62278130284806,39.8989898989899,55.23897058823529,-5.3994080558453454
20,3.0,5,162.24897860775198,21.05061651549194,-46.62278130284805,39.64646464646464,55.05514705882353,-5.3994080558453454
20,3.0,6,160.67524613702406,21.006334369842495,-46.622781302848026,38.38383838383838,48.98897058823529,-5.3994080558453454
20,3.0,7,155.8832877242835,20.86887925846672,-46.62278130284802,38.63636363636363,48.98897058823529,-5.3994080558453454
20,3.0,8,154.78944456685159,20.836933133364056,-46.622781302848026,38.46801346801347,55.60661764705882,-5.3994080558453454
20,3.0,9,176.69272725626195,21.438755915938135,-46.622781302848026,41.4983164983165,55.60661764705882,-5.3994080558453454
20,3.0,10,181.60991086098818,21.56394951952667,-46.62278130284804,45.28619528619529,55.60661764705882,-5.3994080558453454
20,3.0,11,173.05117064318807,21.34385999088726,-46.62278130284802,43.09764309764309,55.14705882352941,-5.3994080558453454
20,3.0,12,176.92323615807237,21.444699264722857,-46.62278130284806,44.86531986531986,55.14705882352941,-5.3994080558453454
20,3.0,13,186.66844387377958,21.689382532005208,-46.622781302848026,39.39393939393939,55.60661764705882,-5.3994080558453454
20,3.0,14,175.57875889596977,21.409928218927266,-46.622781302848026,44.86531986531986,55.23897058823529,-5.3994080558453454
20,3.0,15,170.62990855599125,21.279694178335728,-46.62278130284804,40.74074074074074,55.23897058823529,-5.3994080558453454
20,3.0,16,176.129481385993,21.42420195735564,-46.62278130284804,45.28619528619529,55.42279411764706,-5.3994080558453454
20,3.0,18,158.6751618957048,20.94944909313461,-46.62278130284805,44.612794612794616,55.05514705882353,-5.3994080558453454
20,3.0,20,141.85758338385338,20.441846358847272,-46.62278130284802,38.804713804713806,48.4375,-5.3994080558453454
20,3.0,22,143.40178060312553,20.490806215675338,-46.62278130284804,38.804713804713806,48.161764705882355,-5.3994080558453454
20,3.0,24,129.47772528266597,20.02969983675209,-46.622781302848026,38.38383838383838,43.93382352941176,-5.3994080558453454
20,3.0,26,127.69496231740824,19.967246045624165,-46.62278130284804,37.79461279461279,43.841911764705884,-5.3994080558453454
20,3.0,28,122.43773729579114,19.77806506442381,-46.62278130284802,37.79461279461279,43.29044117647059,-5.3994080558453454
20,3.0,30,106.2346006120499,19.141501237205148,-46.62278130284805,40.15151515151515,43.29044117647059,-15.60843907553875
20,3.5000000000000004,0,133.97198143533157,20.183542399816766,-49.03149109610083,39.64646464646464,48.62132352941176,-21.830520925959362
20,3.5000000000000004,1,133.97198143533157,20.183542399816766,-49.03149109610083,39.64646464646464,48.62132352941176,-21.830520925959362
20,3.5000000000000004,2,141.75285156266634,20.43850721419094,-46.622781302848026,42.76094276094276,49.080882352941174,-17.618838080170253
20,3.5000000000000004,3,150.84860124514486,20.720009393548565,-46.622781302848026,44.27609427609428,49.080882352941174,-12.246817539736021
20,3.5000000000000004,4,170.40016777484738,21.273560373304633,-46.62278130284804,39.141414141414145,55.23897058823529,-5.3994080558453454
20,3.5000000000000004,5,158.3258097734955,20.939442268792185,-46.62278130284804,43.18181818181818,55.05514705882353,-5.3994080558453454
20,3.5000000000000004,6,156.7901300426712,20.895200792363,-46.62278130284804,41.245791245791246,48.98897058823529,-5.3994080558453454
20,3.5000000000000004,7,152.11404084563512,20.757871921306403,-46.62278130284805,44.023569023569024,48.98897058823529,-5.3994080558453454
20,3.5000000000000004,8,151.04664673843124,20.725955135884067,-46.62278130284806,40.909090909090914,55.60661764705882,-5.3994080558453454
20,3.5000000000000004,9,172.42030960063184,21.32722519765069,-46.622781302848026,39.141414141414145,55.60661764705882,-5.3994080558453454
20,3.5000000000000004,10,177.21859605336525,21.452303822026654,-46.62278130284804,45.033670033670035,55.60661764705882,-5.3994080558453454
20,3.5000000000000004,11,168.86680556906163,21.232416426083933,-46.622781302848026,44.612794612794616,55.14705882352941,-5.3994080558453454
20,3.5000000000000004,12,169.80247877402772,21.25756542322137,-46.62278130284804,40.572390572390574,55.05514705882353,-5.3994080558453454
20,3.5000000000000004,13,175.29654655444406,21.402597074726714,-46.62278130284804,44.94949494949495,55.14705882352941,-5.3994080558453454
20,3.5000000000000004,14,167.64284533124663,21.19931562180124,-46.622781302848026,44.86531986531986,55.14705882352941,-5.3994080558453454
20,3.5000000000000004,15,160.46937397077613,21.000510628512092,-46.62278130284806,44.612794612794616,54.96323529411765,-5.3994080558453454
20,3.5000000000000004,16,163.52450150655116,21.08620528485283,-46.62278130284805,44.696969696969695,55.05514705882353,-5.3994080558453454
20,3.5000000000000004,18,147.31932749862742,20.612773943736617,-46.62278130284806,44.023569023569024,54.6875,-5.3994080558453454
20,3.5000000000000004,20,138.4274770447567,20.331231213501376,-46.622781302848026,43.93939393939394,48.4375,-5.3994080558453454
20,3.5000000000000004,22,139.9343356844168,20.38014610504666,-46.62278130284804,43.93939393939394,48.161764705882355,-5.3994080558453454
20,3.5000000000000004,24,126.34696303739143,19.919463211404185,-46.62278130284804,37.37373737373738,43.93382352941176,-5.3994080558453454
20,3.5000000000000004,26,124.60730715462027,19.857066778539956,-46.62278130284804,36.784511784511785,43.841911764705884,-5.3994080558453454
20,3.5000000000000004,28,119.47720146242197,19.66805954327895,-46.62278130284804,36.784511784511785,43.29044117647059,-5.3994080558453454
20,3.5000000000000004,30,103.66585547838476,19.03208034343362,-46.62278130284805,41.245791245791246,43.29044117647059,-15.60843907553875
20,4.0,0,130.61276741883086,20.069032876594783,-49.03149109610085,40.65656565656566,48.529411764705884,-21.830520925959362
20,4.0,1,130.61276741883086,20.069032876594783,-49.03149109610085,40.65656565656566,48.529411764705884,-21.830520925959362
20,4.0,2,138.19853997641783,20.323754763370495,-46.62278130284806,43.18181818181818,48.98897058823529,-17.618838080170253
20,4.0,3,147.06622279374517,20.60498873062766,-46.62278130284802,40.99326599326599,48.98897058823529,-12.246817539736021
20,4.0,4,158.40628274004678,20.941749214821304,-46.622781302848026,38.38383838383838,55.05514705882353,-5.3994080558453454
20,4.0,5,152.93866089478053,20.782382127985,-46.62278130284806,43.85521885521885,54.96323529411765,-5.3994080558453454
20,4.0,6,152.85877367363278,20.780013209053894,-46.62278130284804,43.93939393939394,48.89705882352941,-5.3994080558453454
20,4.0,7,152.60170647711615,20.77238222639526,-46.62278130284804,44.19191919191919,55.42279411764706,-5.3994080558453454
20,4.0,8,147.2593024935147,20.610928807926964,-46.62278130284807,39.81481481481482,55.42279411764706,-5.3994080558453454
20,4.0,9,168.0970420447256,21.21162598636259,-46.622781302848026,41.75084175084175,55.42279411764706,-5.3994080558453454
20,4.0,10,172.77501624310048,21.336585437236423,-46.62278130284805,45.033670033670035,55.42279411764706,-5.3994080558453454
20,4.0,11,164.31164386032287,21.108034517731532,-46.62278130284804,38.88888888888889,54.96323529411765,-5.3994080558453454
20,4.0,12,165.18274504700142,21.13207510271615,-46.622781302848026,40.82491582491583,54.87132352941176,-5.3994080558453454
20,4.0,13,170.5273383886054,21.276956659929546,-46.62278130284804,44.696969696969695,54.96323529411765,-5.3994080558453454
20,4.0,14,163.0818677044012,21.073885584431572,-46.62278130284805,44.612794612794616,54.96323529411765,-5.3994080558453454
20,4.0,15,160.46937397077613,21.000510628512092,-46.62278130284806,44.612794612794616,54.96323529411765,-5.3994080558453454
20,4.0,16,163.52450150655116,21.08620528485283,-46.62278130284805,44.696969696969695,55.05514705882353,-5.3994080558453454
20,4.0,18,147.31932749862742,20.612773943736617,-46.62278130284806,44.023569023569024,54.6875,-5.3994080558453454
20,4.0,20,138.4274770447567,20.331231213501376,-46.622781302848026,43.93939393939394,48.4375,-5.3994080558453454
20,4.0,22,139.9343356844168,20.38014610504666,-46.62278130284804,43.93939393939394,48.161764705882355,-5.3994080558453454
20,4.0,24,126.34696303739143,19.919463211404185,-46.62278130284804,37.37373737373738,43.93382352941176,-5.3994080558453454
20,4.0,26,124.60730715462027,19.857066778539956,-46.62278130284804,36.784511784511785,43.841911764705884,-5.3994080558453454
20,4.0,28,119.47720146242197,19.66805954327895,-46.62278130284804,36.784511784511785,43.29044117647059,-5.3994080558453454
20,4.0,30,103.66585547838476,19.03208034343362,-46.62278130284805,41.245791245791246,43.29044117647059,-15.60843907553875
20,5.0,0,122.15704155790965,19.767745656250458,-49.031491096100844,42.92929292929293,48.4375,-21.830520925959362
20,5.0,1,122.15704155790965,19.767745656250458,-49.031491096100844,42.92929292929293,48.4375,-21.830520925959362
20,5.0,2,129.25171960415784,20.021828373646787,-46.62278130284805,44.612794612794616,48.80514705882353,-17.618838080170253
20,5.0,3,139.65738241277435,20.371193932665687,-46.62278130284804,41.75084175084175,48.80514705882353,-12.246817539736021
20,5.0,4,152.2142840837951,20.76085827283778,-46.62278130284804,43.93939393939394,54.87132352941176,-5.3994080558453454
20,5.0,5,151.64278983334447,20.743807426706475,-46.622781302848026,40.65656565656566,54.96323529411765,-5.3994080558453454
20,5.0,6,151.56357950800202,20.741439264345463,-46.62278130284804,40.15151515151515,48.89705882352941,-5.3994080558453454
20,5.0,7,151.3086904784618,20.73381071882101,-46.62278130284802,44.27609427609428,55.42279411764706,-5.3994080558453454
20,5.0,8,146.011553444894,20.57240886430831,-46.622781302848026,38.215488215488215,55.42279411764706,-5.3994080558453454
20,5.0,9,166.67273186033918,21.172914195938098,-46.62278130284804,44.52861952861953,55.42279411764706,-5.3994080558453454
20,5.0,10,171.3110689169079,21.297833738065307,-46.62278130284804,45.033670033670035,55.42279411764706,-5.3994080558453454
20,5.0,11,162.91940789402233,21.06935581168483,-46.622781302848026,38.46801346801347,54.96323529411765,-5.3994080558453454
20,5.0,12,163.7831281162485,21.093388718741846,-46.622781302848026,38.88888888888889,54.87132352941176,-5.3994080558453454
20,5.0,13,168.9788655834679,21.23543543141846,-46.622781302848026,44.023569023569024,54.96323529411765,-5.3994080558453454
20,5.0,14,161.60100346563732,21.032433880756574,-46.62278130284805,43.93939393939394,54.96323529411765,-5.3994080558453454
20,5.0,15,159.01223247077328,20.959084046001063,-46.62278130284804,43.93939393939394,54.96323529411765,-5.3994080558453454
20,5.0,16,162.03961793334167,21.044749363318903,-46.622781302848026,44.023569023569024,55.05514705882353,-5.3994080558453454
20,5.0,18,146.07106984958787,20.57425341083039,-46.62278130284804,43.35016835016835,54.6875,-5.3994080558453454
20,5.0,20,137.25456131134837,20.29280059790366,-46.62278130284802,43.26599326599327,48.4375,-5.3994080558453454
20,5.0,22,138.74865212308725,20.341699867325126,-46.622781302848026,43.26599326599327,48.161764705882355,-5.3994080558453454
20,5.0,24,125.27640722016088,19.88116410362575,-46.62278130284805,41.41414141414141,43.93382352941176,-5.3994080558453454
20,5.0,26,123.55149168951579,19.818787598533373,-46.62278130284805,40.82491582491583,43.841911764705884,-5.3994080558453454
20,5.0,28,118.46485411368378,19.629840727188984,-46.62278130284802,40.82491582491583,43.29044117647059,-5.3994080558453454
20,5.0,30,102.78747991665618,18.994064642294827,-46.62278130284806,42.003367003367,43.29044117647059,-15.60843907553875
20,6.0,0,133.06220877716189,20.152805183806667,-47.74050687292244,43.93939393939394,55.42279411764706,-21.830520925959362
20,6.0,1,133.06220877716189,20.152805183806667,-47.74050687292244,43.93939393939394,55.42279411764706,-21.830520925959362
20,6.0,2,134.4369155598256,20.19917299697973,-46.622781302848026,42.42424242424242,55.33088235294118,-17.618838080170253
20,6.0,3,145.26002272335424,20.54905477962492,-46.62278130284802,42.50841750841751,55.33088235294118,-12.246817539736021
20,6.0,4,160.79304824318314,21.0096635430274,-46.62278130284804,43.77104377104377,55.33088235294118,-5.3994080558453454
20,6.0,5,159.19352669072995,20.964258102030353,-46.62278130284802,43.93939393939394,55.33088235294118,-5.3994080558453454
20,6.0,6,159.11037225222745,20.96188561594459,-46.62278130284804,40.48821548821549,55.42279411764706,-5.3994080558453454
20,6.0,7,149.40196361800207,20.67634902691704,-46.622781302848026,43.77104377104377,55.23897058823529,-5.3994080558453454
20,6.0,8,144.17157882076364,20.51502398952445,-46.62278130284805,43.77104377104377,55.33088235294118,-5.3994080558453454
20,6.0,9,164.57239397664247,21.115243518427107,-46.62278130284804,44.023569023569024,55.33088235294118,-5.3994080558453454
20,6.0,10,169.15228071006308,21.24010360671784,-46.622781302848026,43.013468013468014,55.33088235294118,-5.3994080558453454
20,6.0,11,160.86636778020357,21.01173442144424,-46.62278130284802,43.85521885521885,54.87132352941176,-5.3994080558453454
20,6.0,12,161.71920377269635,21.035755890350693,-46.62278130284805,39.141414141414145,54.779411764705884,-5.3994080558453454
20,6.0,13,166.84946679719042,21.177734997736074,-46.62278130284804,44.19191919191919,54.779411764705884,-5.3994080558453454
20,6.0,14,159.56457731581798,20.974830063030314,-46.622781302848026,44.107744107744104,54.779411764705884,-5.3994080558453454
20,6.0,15,157.00842889653725,20.90151513817766,-46.622781302848026,44.107744107744104,54.779411764705884,-5.3994080558453454
20,6.0,16,159.99766455316686,20.987139684198365,-46.622781302848026,44.19191919191919,54.87132352941176,-5.3994080558453454
20,6.0,18,144.23034522539314,20.51686765815848,-46.62278130284805,43.51851851851852,54.50367647058824,-5.3994080558453454
20,6.0,20,135.5249385253364,20.23554879904903,-46.62278130284807,43.43434343434344,48.25367647058824,-5.3994080558453454
20,6.0,22,137.0002014490437,20.284424795497213,-46.62278130284804,43.43434343434344,47.97794117647059,-5.3994080558453454
20,6.0,24,129.56945018909775,20.032890715539644,-46.622781302848026,42.76094276094276,43.93382352941176,-5.3994080558453454
20,6.0,26,127.78542427482056,19.97043526413531,-46.62278130284805,42.17171717171717,43.841911764705884,-5.3994080558453454
20,6.0,28,122.52447491782357,19.78124925373319,-46.622781302848026,42.17171717171717,43.29044117647059,-5.3994080558453454
20,6.0,30,109.30197662895337,19.268874376472112,-46.62278130284804,41.75084175084175,43.29044117647059,-15.60843907553875
20,7.000000000000001,0,128.7533697552578,20.00442462801093,-47.74050687292244,41.582491582491585,54.87132352941176,-21.830520925959362
20,7.000000000000001,1,128.7533697552578,20.00442462801093,-47.74050687292244,41.582491582491585,54.87132352941176,-21.830520925959362
20,7.000000000000001,2,130.08356059095777,20.0507351800832,-46.622781302848026,43.43434343434344,54.779411764705884,-17.618838080170253
20,7.000000000000001,3,140.55619238726422,20.400184882484428,-46.62278130284804,38.215488215488215,54.87132352941176,-12.246817539736021
20,7.000000000000001,4,155.58622530609026,20.860224825340357,-46.62278130284804,43.51851851851852,54.87132352941176,-5.3994080558453454
20,7.000000000000001,5,154.03849968386248,20.8148754569798,-46.62278130284804,43.93939393939394,54.87132352941176,-5.3994080558453454
20,7.000000000000001,6,153.95803796399915,20.812505900753298,-46.62278130284804,38.2996632996633,54.96323529411765,-5.3994080558453454
20,7.000000000000001,7,144.56400837359232,20.527321930024733,-46.622781302848026,43.35016835016835,48.713235294117645,-5.3994080558453454
20,7.000000000000001,8,139.50299462708918,20.366196118099,-46.622781302848026,38.215488215488215,48.713235294117645,-5.3994080558453454
20,7.000000000000001,9,159.2431877383619,20.965674416639544,-46.62278130284802,41.329966329966325,54.779411764705884,-5.3994080558453454
20,7.000000000000001,10,163.67476794016602,21.090380311199453,-46.62278130284805,44.52861952861953,54.87132352941176,-5.3994080558453454
20,7.000000000000001,11,155.65717059962628,20.862293146362966,-46.622781302848026,41.16161616161616,54.779411764705884,-5.3994080558453454
20,7.000000000000001,12,163.72209080896164,21.091694373448643,-46.622781302848026,39.141414141414145,54.6875,-5.3994080558453454
20,7.000000000000001,13,161.4465240689241,21.02808872321482,-46.622781302848026,39.05723905723906,54.6875,-5.3994080558453454
20,7.000000000000001,14,154.39753489580676,20.8254343623258,-46.62278130284805,38.97306397306397,54.6875,-5.3994080558453454
20,7.000000000000001,15,151.92416003151158,20.752209976427128,-46.62278130284804,38.97306397306397,54.6875,-5.3994080558453454
20,7.000000000000001,16,154.81659784177157,20.837728781947582,-46.622781302848026,39.05723905723906,54.779411764705884,-5.3994080558453454
20,7.000000000000001,18,141.5535853621051,20.43214748611353,-46.622781302848004,38.38383838383838,54.50367647058824,-5.3994080558453454
20,7.000000000000001,20,133.00974163419485,20.151026386725235,-46.62278130284804,38.2996632996633,48.25367647058824,-5.3994080558453454
20,7.000000000000001,22,134.4576252669779,20.199868024639976,-46.622781302848026,38.2996632996633,47.97794117647059,-5.3994080558453454
20,7.000000000000001,24,127.16478074708422,19.94851076649118,-46.62278130284805,37.62626262626262,43.93382352941176,-5.3994080558453454
20,7.000000000000001,26,125.41386443228116,19.886099219618146,-46.622781302848026,37.03703703703704,43.841911764705884,-5.3994080558453454
20,7.000000000000001,28,120.25055262901589,19.69704620198014,-46.622781302848026,37.03703703703704,43.29044117647059,-5.3994080558453454
20,7.000000000000001,30,107.27344966702152,19.18503151071289,-46.622781302848026,40.4040404040404,43.29044117647059,-15.60843907553875
20,8.0,0,128.27273182011874,19.987577903443498,-47.74050687292244,43.93939393939394,54.87132352941176,-21.830520925959362
20,8.0,1,128.27273182011874,19.987577903443498,-47.74050687292244,43.93939393939394,54.87132352941176,-21.830520925959362
20,8.0,2,129.43426146475613,20.028187080060576,-46.622781302848004,44.36026936026936,54.779411764705884,-17.618838080170253
20,8.0,3,136.98857179753986,20.284041485614246,-46.622781302848026,40.82491582491583,54.779411764705884,-12.246817539736021
20,8.0,4,151.63710992773463,20.743637653390312,-46.62278130284805,43.93939393939394,54.779411764705884,-5.3994080558453454
20,8.0,5,150.1286689339776,20.69833203105633,-46.62278130284804,43.85521885521885,54.779411764705884,-5.3994080558453454
20,8.0,6,152.24723612059506,20.761839535309434,-46.62278130284804,44.023569023569024,54.87132352941176,-5.3994080558453454
20,8.0,7,145.95884673428122,20.570774761157963,-46.62278130284804,40.74074074074074,54.779411764705884,-5.3994080558453454
20,8.0,8,139.3765344563554,20.362098403750363,-46.62278130284804,43.686868686868685,54.779411764705884,-5.3994080558453454
20,8.0,9,159.57446411416453,20.97511143358448,-46.62278130284806,40.31986531986532,54.779411764705884,-5.3994080558453454
20,8.0,10,160.22668788295766,20.99363624775885,-46.62278130284805,44.52861952861953,54.779411764705884,-5.3994080558453454
20,8.0,11,164.39690162144055,21.11039286362988,-46.62278130284804,44.44444444444444,54.779411764705884,-5.3994080558453454
20,8.0,12,162.71300387372895,21.063594493479698,-46.622781302848026,44.44444444444444,54.6875,-5.3994080558453454
20,8.0,13,160.4514623923251,21.000003603227114,-46.62278130284804,44.36026936026936,54.6875,-5.3994080558453454
20,8.0,14,153.44591905382936,20.797396269206825,-46.62278130284804,44.107744107744104,54.6875,-5.3994080558453454
20,8.0,15,150.98778862141975,20.72418887536085,-46.62278130284805,44.107744107744104,54.6875,-5.3994080558453454
20,8.0,16,153.86239914159927,20.809687835852444,-46.62278130284804,44.19191919191919,54.779411764705884,-5.3994080558453454
20,8.0,18,140.681132091331,20.40420065700792,-46.62278130284805,43.51851851851852,54.41176470588235,-5.3994080558453454
20,8.0,20,132.18994760469886,20.123144793052884,-46.62278130284805,43.35016835016835,48.161764705882355,-5.3994080558453454
20,8.0,22,133.62890733203744,20.171975097042804,-46.62278130284804,43.35016835016835,48.161764705882355,-5.3994080558453454
20,8.0,24,126.3810116280877,19.92067616749218,-46.622781302848026,42.676767676767675,47.42647058823529,-5.3994080558453454
20,8.0,26,119.50939875654241,19.669269956480218,-46.62278130284804,42.17171717171717,43.474264705882355,-5.3994080558453454
20,8.0,28,119.50939875654241,19.669269956480218,-46.62278130284804,42.17171717171717,43.474264705882355,-5.3994080558453454
20,8.0,30,106.61227904538174,19.157374080557375,-46.62278130284804,42.255892255892256,43.474264705882355,-15.60843907553875
20,10.0,0,121.39471727674153,19.739604228423868,-46.62278130284805,37.878787878787875,48.62132352941176,-17.839066671424742
20,10.0,1,121.39471727674153,19.739604228423868,-46.62278130284805,37.878787878787875,48.62132352941176,-17.839066671424742
20,10.0,2,119.07302452062186,19.65283830011537,-46.62278130284806,37.54208754208754,48.62132352941176,-19.410407237342177
20,10.0,3,126.83769691209694,19.93691491578491,-46.622781302848026,44.27609427609428,48.62132352941176,-14.15521372492783
20,10.0,4,144.0462840922568,20.51109072262294,-46.62278130284805,42.84511784511785,48.62132352941176,-7.456717018570069
20,10.0,5,144.01475444065798,20.510100421516555,-46.62278130284805,42.84511784511785,48.62132352941176,-7.456717018570069
20,10.0,6,140.68687432320374,20.404385139587887,-46.62278130284805,42.84511784511785,48.62132352941176,-7.456717018570069
20,10.0,7,141.40891248295,20.427524743034155,-46.62278130284805,42.84511784511785,48.62132352941176,-7.456717018570069
20,10.0,8,140.22696339771454,20.389586425644744,-46.62278130284805,42.84511784511785,48.62132352941176,-7.456717018570069
20,10.0,9,151.71541929736475,20.745977794045544,-46.62278130284805,43.013468013468014,54.779411764705884,-7.456717018570069
20,10.0,10,151.71541929736475,20.745977794045544,-46.62278130284805,43.013468013468014,54.779411764705884,-7.456717018570069
20,10.0,11,151.71541929736475,20.745977794045544,-46.62278130284805,43.013468013468014,54.779411764705884,-7.456717018570069
20,10.0,12,150.16141645224954,20.699320237833053,-46.622781302848026,43.013468013468014,54.595588235294116,-7.456717018570069
20,10.0,13,148.07432897842554,20.635920689365015,-46.62278130284805,42.92929292929293,54.50367647058824,-7.456717018570069
20,10.0,14,147.9746506045377,20.632871278619014,-46.62278130284804,42.92929292929293,54.50367647058824,-7.456717018570069
20,10.0,15,145.6041672829921,20.559763592599147,-46.62278130284804,42.84511784511785,54.50367647058824,-7.456717018570069
20,10.0,16,148.37628067623632,20.645146104259027,-46.62278130284806,42.92929292929293,54.779411764705884,-7.456717018570069
20,10.0,18,141.01231328810692,20.41482879820493,-46.62278130284805,42.76094276094276,54.50367647058824,-7.456717018570069
20,10.0,20,132.50113947811423,20.133748125303175,-46.62278130284804,42.676767676767675,48.25367647058824,-7.456717018570069
20,10.0,22,133.94348669883888,20.1825827395693,-46.62278130284804,42.676767676767675,47.97794117647059,-7.456717018570069
20,10.0,24,126.67852853073512,19.93126162773189,-46.62278130284806,42.003367003367,43.93382352941176,-7.456717018570069
20,10.0,26,119.79073901246642,19.679833224963406,-46.62278130284806,41.41414141414141,43.19852941176471,-7.456717018570069
20,10.0,28,119.79073901246642,19.679833224963406,-46.62278130284806,41.41414141414141,43.19852941176471,-7.456717018570069
20,10.0,30,106.8632578485828,19.16789216372625,-46.62278130284804,36.195286195286194,43.19852941176471,-17.443729015063504
