as_of,code,name,close,nav,dev_pct,volume,mktcap_eok,univ_n,univ_med_pct,univ_sd_pct
2026-08-26,458730,TIGER 미국배당다우존스,15405,15381.0,0.156,1839723,43681,1158,-0.0235,0.3802
2026-08-26,305080,TIGER 미국채10년선물,12365,12361.0,0.0324,58044,2176,1158,-0.0235,0.3802
2026-08-26,411060,ACE KRX금현물,29050,28959.0,0.3142,1166110,42965,1158,-0.0235,0.3802
2026-08-26,308620,KODEX 미국채10년선물,11630,11638.0,-0.0687,33158,954,1158,-0.0235,0.3802
2026-08-26,132030,KODEX 골드선물(H),25980,26023.0,-0.1652,174853,3715,1158,-0.0235,0.3802
2026-08-26,453850,ACE 미국30년국채액티브(H),7225,7254.0,-0.3998,746306,15173,1158,-0.0235,0.3802
2026-08-26,148070,KOSEF 국고채10년,104845,104888.0,-0.041,4451,4246,1158,-0.0235,0.3802
2026-08-26,418660,TIGER 미국나스닥100레버리지,39350,39461.0,-0.2813,170324,6296,1158,-0.0235,0.3802
2026-08-26,133690,TIGER 미국나스닥100,178630,178991.0,-0.2017,5277466,113091,1158,-0.0235,0.3802
